/*******************************************************************************
 * Size: 16 px
 * Bpp: 4
 * Opts: --font /tmp/NotoSansCJKsc-Regular.otf --size 16 --bpp 4 --format lvgl --lv-include lvgl.h --range 0x20-0x7E --symbols 上不中二于今份使入内再出分创到功厂同后在备复失存已布师录恢成我或扫按新无日时智更未本校次此步每版用画登的码确示离积签线给络维缓编网置老联认设试请败足身进连重页馆（） --autohint-off -o /Users/amber/SparkMinds/SparKits/SparkPassport/ai-passport/main/font_sm_cjk_16.c
 ******************************************************************************/

#ifdef LV_LVGL_H_INCLUDE_SIMPLE
#include "lvgl.h"
#else
#include "lvgl.h"
#endif

#ifndef FONT_SM_CJK_16
#define FONT_SM_CJK_16 1
#endif

#if FONT_SM_CJK_16

/*-----------------
 *    BITMAPS
 *----------------*/

/*Store the image of the glyphs*/
static LV_ATTRIBUTE_LARGE_CONST const uint8_t glyph_bitmap[] = {
    /* U+0020 " " */

    /* U+0021 "!" */
    0x2, 0x2, 0xd4, 0x0, 0x8c, 0x1c, 0x2, 0x10,
    0x10, 0xf, 0xc6, 0x18, 0x20, 0x40, 0xbc, 0xec,
    0x24,

    /* U+0022 "\"" */
    0x59, 0x4, 0x91, 0xd6, 0x2, 0x60, 0xf1, 0x3,
    0x1, 0x11, 0x3, 0x8, 0x13, 0x80, 0x98, 0x0,

    /* U+0023 "#" */
    0x0, 0x90, 0x0, 0x42, 0x1, 0xd, 0x0, 0x24,
    0x80, 0x22, 0x20, 0x1, 0x88, 0x2, 0x65, 0x0,
    0x10, 0x80, 0x3e, 0x9b, 0xfc, 0x1e, 0xa1, 0xed,
    0x5f, 0x69, 0xea, 0x0, 0x26, 0x2, 0x30, 0x2,
    0xfa, 0x67, 0xcb, 0xf8, 0x2f, 0x8f, 0xf9, 0x6f,
    0xc0, 0x2, 0x60, 0x6, 0x60, 0x4, 0x4c, 0x0,
    0x23, 0x0, 0x98, 0x80, 0x2, 0x20, 0x0,

    /* U+0024 "$" */
    0x0, 0xde, 0x1, 0xff, 0xc1, 0x7f, 0xd, 0x70,
    0x2, 0x44, 0x3b, 0x96, 0x81, 0x82, 0xe2, 0x78,
    0x80, 0x1, 0x0, 0xf5, 0x6, 0x10, 0x6, 0x2d,
    0x1d, 0x80, 0xc, 0x5b, 0xf, 0x82, 0x1, 0x9f,
    0xe, 0x40, 0x38, 0xd0, 0xc0, 0x80, 0x38, 0x43,
    0xf1, 0x8e, 0x13, 0x83, 0x16, 0xf1, 0x69, 0x0,
    0x67, 0x43, 0x54, 0x3, 0xf8,

    /* U+0025 "%" */
    0x4, 0xde, 0xa0, 0xc, 0x58, 0x1, 0xd5, 0xdc,
    0x8, 0x0, 0xa6, 0x0, 0x32, 0x11, 0x87, 0x28,
    0x1, 0x1, 0x0, 0x30, 0x80, 0x4e, 0x60, 0x8,
    0x80, 0x7, 0x31, 0x0, 0x18, 0x81, 0x58, 0xe7,
    0x60, 0x0, 0x66, 0x50, 0x9a, 0x8, 0x84, 0x86,
    0x1c, 0x0, 0x3e, 0x79, 0x59, 0x88, 0x4d, 0x3,
    0xc, 0x0, 0x2c, 0xe9, 0xb, 0x82, 0x1, 0x3,
    0x10, 0xf, 0x45, 0x8, 0x8, 0x7, 0xf0, 0xab,
    0x81, 0x8, 0x0, 0x80, 0x3d, 0x16, 0x1, 0x23,
    0x85, 0xb0, 0x6, 0x24, 0x60, 0xa, 0xb3, 0x8a,
    0x0,

    /* U+0026 "&" */
    0x0, 0xa7, 0xb5, 0x0, 0x3d, 0x9, 0xb5, 0x40,
    0xf, 0x2d, 0x1a, 0x88, 0x7, 0x84, 0x1, 0x68,
    0x1, 0xeb, 0xaa, 0x25, 0x0, 0x78, 0x88, 0xda,
    0x20, 0x6, 0x20, 0x5a, 0x43, 0x20, 0x2, 0x49,
    0x95, 0x3d, 0xa7, 0x88, 0x72, 0xa, 0x4, 0x85,
    0xe, 0x2a, 0xa4, 0x8, 0x8, 0x7, 0x46, 0x94,
    0x81, 0xb, 0x94, 0xd8, 0xc9, 0x68, 0xc3, 0x1e,
    0xf7, 0x2b, 0x6c, 0x58,

    /* U+0027 "'" */
    0x59, 0xd6, 0xf1, 0x11, 0x11, 0xc0,

    /* U+0028 "(" */
    0x0, 0x3b, 0x80, 0x12, 0xa0, 0xca, 0x41, 0x5a,
    0x2, 0x6e, 0xa, 0x22, 0x2, 0x20, 0x0, 0x5c,
    0x1, 0xe0, 0x17, 0x38, 0x0, 0xc4, 0x0, 0xe4,
    0x20, 0x42, 0xa0, 0x6, 0xe0, 0x5, 0x28, 0x81,
    0x34, 0x80, 0x26, 0x0,

    /* U+0029 ")" */
    0x2c, 0x0, 0x10, 0x30, 0x2, 0x6c, 0x0, 0xa4,
    0x60, 0x4, 0x40, 0x0, 0xf0, 0x1, 0xac, 0x0,
    0x13, 0x0, 0xf0, 0x98, 0x0, 0x98, 0x1, 0xa6,
    0x0, 0x4c, 0x3, 0x4, 0x9, 0x60, 0x24, 0x80,
    0x2f, 0x0, 0x0,

    /* U+002A "*" */
    0x0, 0x59, 0x80, 0x14, 0xd9, 0x54, 0x25, 0xa5,
    0x3e, 0x6e, 0xc2, 0x2a, 0x21, 0x6c, 0x77, 0x0,
    0xf1, 0x4b, 0x80,

    /* U+002B "+" */
    0x0, 0x86, 0x40, 0x3e, 0x36, 0x0, 0xff, 0xe1,
    0x8, 0xc0, 0x23, 0x3, 0x77, 0x30, 0x3b, 0xa4,
    0x6f, 0xf6, 0x87, 0xfc, 0x80, 0x1f, 0xfc, 0x93,
    0x70, 0xc,

    /* U+002C "," */
    0x0, 0xe8, 0xe2, 0x0, 0xa, 0x84, 0x20, 0x82,
    0xa9, 0x82, 0x70, 0x1, 0x84, 0x0,

    /* U+002D "-" */
    0x4f, 0xfb, 0x53, 0xba, 0xc0,

    /* U+002E "." */
    0x1, 0xa, 0xe2, 0x28, 0xc0,

    /* U+002F "/" */
    0x0, 0xc3, 0x0, 0x1c, 0x86, 0x1, 0xdf, 0xa0,
    0x1c, 0xae, 0x1, 0x90, 0xc4, 0x3, 0x6d, 0x80,
    0x73, 0xa8, 0x6, 0x33, 0x10, 0x6, 0xb5, 0x0,
    0xe5, 0xb0, 0xc, 0x46, 0x60, 0xc, 0xae, 0x1,
    0xd7, 0xa0, 0x18, 0x4d, 0x0, 0x32, 0x20, 0x3,
    0xbf, 0x40, 0x38,

    /* U+0030 "0" */
    0x0, 0x26, 0x75, 0x90, 0x4, 0x76, 0xba, 0x38,
    0x20, 0xa, 0x39, 0x3a, 0x6, 0x0, 0x35, 0x80,
    0x4f, 0x40, 0x11, 0x80, 0x5e, 0x40, 0x40, 0xe0,
    0x11, 0x80, 0x7f, 0xc4, 0xc, 0x1, 0x18, 0x6,
    0x20, 0xb, 0xc8, 0x0, 0xd6, 0x1, 0x3d, 0x0,
    0x2c, 0xe4, 0xe8, 0x18, 0x0, 0x58, 0xb8, 0x38,
    0x20,

    /* U+0031 "1" */
    0x4, 0x9f, 0x70, 0xa, 0x14, 0x3, 0xb3, 0x0,
    0x1f, 0xfe, 0x91, 0x33, 0x7, 0x19, 0x46, 0x60,
    0x1b, 0x3c,

    /* U+0032 "2" */
    0x1, 0x9d, 0xeb, 0x20, 0x0, 0xf9, 0x4d, 0x3e,
    0x0, 0x6, 0xec, 0x88, 0xe1, 0x50, 0x2, 0x80,
    0x44, 0x4, 0x1, 0xe1, 0x2, 0x0, 0xf3, 0x2,
    0x0, 0x70, 0xc3, 0x88, 0x7, 0x51, 0x40, 0x7,
    0x4a, 0x78, 0x7, 0x4b, 0x59, 0x0, 0x69, 0x68,
    0x73, 0x38, 0x11, 0x82, 0x33, 0x30, 0x80,

    /* U+0033 "3" */
    0x1, 0x9d, 0xfc, 0x40, 0x6, 0x14, 0x53, 0xd9,
    0x86, 0x5a, 0xaa, 0xc2, 0xc0, 0x40, 0x3b, 0xc0,
    0x21, 0x3b, 0x36, 0x0, 0x17, 0x63, 0x68, 0x80,
    0xb, 0x29, 0xbc, 0xc0, 0x23, 0x5b, 0x28, 0x0,
    0xf2, 0xa8, 0x14, 0x3, 0x29, 0x25, 0x51, 0x52,
    0x4e, 0x53, 0x2, 0x2d, 0x69, 0x40,

    /* U+0034 "4" */
    0x0, 0xc5, 0xf8, 0x1, 0xe9, 0x0, 0xf9, 0x54,
    0xc0, 0x1e, 0xb9, 0x10, 0xe, 0x83, 0x70, 0xe,
    0x27, 0x90, 0xf, 0x4a, 0xa0, 0x7, 0x2a, 0x71,
    0x14, 0x24, 0x1e, 0x17, 0xba, 0x52, 0xd5, 0xaf,
    0xfc, 0xe7, 0xea, 0x1, 0xff, 0xc6,

    /* U+0035 "5" */
    0x4, 0xff, 0xe7, 0x0, 0x8, 0x5e, 0x64, 0xc0,
    0x3, 0x14, 0x33, 0x84, 0x0, 0x26, 0x1, 0xf7,
    0x1d, 0xfe, 0xb0, 0x5, 0x8f, 0x1a, 0x92, 0xa0,
    0x5, 0x93, 0x29, 0x39, 0x0, 0xf9, 0xc, 0x3,
    0xe1, 0x10, 0x1, 0x0, 0x32, 0x28, 0x25, 0xca,
    0xa5, 0x94, 0x82, 0x61, 0xc5, 0x6, 0x90, 0x0,

    /* U+0036 "6" */
    0x0, 0xa3, 0x7a, 0xc8, 0x2, 0xb6, 0xba, 0x18,
    0x0, 0x22, 0x31, 0x92, 0xa8, 0x0, 0xf4, 0x20,
    0xf, 0x26, 0x0, 0x7e, 0x1a, 0xff, 0x50, 0x80,
    0x84, 0x67, 0x63, 0xd0, 0x8, 0x43, 0x9, 0xc2,
    0x0, 0x8, 0x40, 0x26, 0x2, 0x5, 0xa0, 0x9,
    0x0, 0x82, 0x4e, 0x8d, 0x66, 0x0, 0x3, 0xe3,
    0xb1, 0x2e, 0x0,

    /* U+0037 "7" */
    0x3f, 0xff, 0x84, 0xf3, 0x38, 0x90, 0x40, 0xcf,
    0x39, 0x48, 0x7, 0xa6, 0x8, 0x3, 0x94, 0x98,
    0x3, 0xdc, 0xa2, 0x1, 0xe4, 0xf0, 0xf, 0x20,
    0x38, 0x7, 0x8c, 0x8, 0x3, 0xdc, 0x40, 0x1f,
    0x10, 0x80, 0x7c, 0xee, 0x0, 0xc0,

    /* U+0038 "8" */
    0x0, 0x2e, 0xfe, 0xa8, 0x4, 0x95, 0x7b, 0x74,
    0x80, 0xe, 0x46, 0x26, 0x5d, 0x0, 0x13, 0x80,
    0x46, 0x60, 0x5, 0x9b, 0x80, 0xbf, 0x0, 0xe,
    0x63, 0xb5, 0x90, 0x0, 0x77, 0x2e, 0x66, 0x10,
    0x6, 0xd3, 0x4f, 0x35, 0x1, 0x8a, 0x80, 0x6,
    0x10, 0x44, 0x2, 0x1, 0x18, 0x9, 0x27, 0x20,
    0xa4, 0x30, 0x2, 0xd6, 0x7a, 0x66, 0x0,

    /* U+0039 "9" */
    0x0, 0x47, 0x72, 0x84, 0x2, 0x96, 0xad, 0x1f,
    0x0, 0xb, 0x52, 0x1d, 0x83, 0x82, 0x82, 0x80,
    0x4f, 0x60, 0xc0, 0x40, 0x10, 0x90, 0x11, 0x3c,
    0x85, 0xdc, 0x20, 0xf, 0xd, 0xfe, 0x80, 0x8,
    0xb3, 0xfa, 0x78, 0x80, 0x3e, 0x44, 0x0, 0x79,
    0xa, 0xc0, 0x19, 0x28, 0xd6, 0xc4, 0x0, 0xf2,
    0xab, 0x89, 0x0, 0x0,

    /* U+003A ":" */
    0x8d, 0x13, 0x23, 0xbe, 0x20, 0x10, 0xf, 0xc2,
    0x15, 0xc4, 0x51, 0x80,

    /* U+003B ";" */
    0x0, 0x8, 0x2, 0xb8, 0x80, 0x88, 0x61, 0x1a,
    0x20, 0x1f, 0xfc, 0x18, 0xe2, 0x0, 0xa, 0x84,
    0x20, 0x82, 0xa9, 0x82, 0x70, 0x1, 0x84, 0x0,

    /* U+003C "<" */
    0x0, 0xff, 0xe1, 0xb, 0xea, 0x0, 0x49, 0x7d,
    0x90, 0x83, 0x1d, 0x39, 0xd6, 0xa0, 0xee, 0x4c,
    0x71, 0x0, 0x9a, 0x87, 0xa9, 0x0, 0x32, 0xde,
    0x95, 0x74, 0x8, 0x4, 0x51, 0xd4, 0x6a,

    /* U+003D "=" */
    0x1, 0x1f, 0x81, 0xbb, 0xbe, 0x46, 0xff, 0xf9,
    0x0, 0x3f, 0xc2, 0x3f, 0x3, 0x77, 0x7c, 0x80,

    /* U+003E ">" */
    0x0, 0xfe, 0x6d, 0x61, 0x0, 0xe6, 0xba, 0xea,
    0x40, 0xc, 0xd9, 0xa5, 0x5a, 0xe2, 0x1, 0x14,
    0x7b, 0x42, 0x80, 0x4b, 0x7c, 0x36, 0x85, 0x3f,
    0x19, 0xd4, 0x80, 0xe7, 0x7a, 0xe2, 0x1, 0x0,

    /* U+003F "?" */
    0x0, 0x88, 0x40, 0x26, 0xed, 0xea, 0x1, 0xab,
    0xea, 0x57, 0x1c, 0x51, 0x53, 0xd0, 0xe, 0x2d,
    0x0, 0xd0, 0xc, 0x1, 0x23, 0xd0, 0x80, 0x52,
    0xc8, 0x1, 0x11, 0x34, 0x3, 0x15, 0xa0, 0x7,
    0x28, 0x7, 0x2f, 0x38, 0x6, 0x11, 0x10, 0x0,

    /* U+0040 "@" */
    0x0, 0xe5, 0xbe, 0xe6, 0x48, 0x80, 0x78, 0xb2,
    0x7b, 0xfb, 0xc7, 0xd4, 0x3, 0xe, 0x26, 0x28,
    0x81, 0xc6, 0xd9, 0x0, 0x56, 0xf0, 0x1, 0xe3,
    0x99, 0x0, 0x11, 0x12, 0x0, 0x8e, 0xc9, 0x50,
    0x74, 0x0, 0x7c, 0x0, 0x29, 0x32, 0x19, 0x80,
    0x1, 0x10, 0x22, 0x0, 0xd7, 0x49, 0x40, 0xc0,
    0x6, 0x60, 0x1, 0x2, 0x20, 0x40, 0x88, 0x1,
    0x11, 0x0, 0x37, 0x88, 0x1, 0x58, 0x0, 0xa8,
    0x0, 0x13, 0xd, 0x42, 0x3b, 0x61, 0x3b, 0x80,
    0x2, 0xa8, 0x15, 0x36, 0x31, 0x3f, 0xda, 0x60,
    0xd, 0x80, 0x5, 0x7d, 0x8c, 0xf6, 0x18, 0x4,
    0xcb, 0x40, 0x1f, 0xfc, 0x1a, 0x1d, 0x52, 0x3,
    0x85, 0x0, 0xf0, 0xdd, 0xbf, 0xee, 0x4, 0x0,
    0xc0,

    /* U+0041 "A" */
    0x0, 0x8b, 0xf4, 0x3, 0xe5, 0x32, 0x20, 0x7,
    0xae, 0x8d, 0x40, 0x38, 0x8d, 0xee, 0x80, 0x39,
    0x48, 0x54, 0x88, 0x1, 0xad, 0x40, 0x88, 0xa0,
    0x10, 0x9d, 0x80, 0x16, 0x80, 0x26, 0xc, 0xff,
    0x39, 0x10, 0x1, 0x6b, 0xbb, 0x85, 0x40, 0x4f,
    0x88, 0xb2, 0x50, 0x30, 0x20, 0x6, 0xf2, 0x25,
    0xa0, 0x7, 0x20, 0x28,

    /* U+0042 "B" */
    0x6f, 0xfd, 0xb0, 0x1, 0xb3, 0x72, 0xde, 0x80,
    0x22, 0x21, 0xb4, 0x28, 0x7, 0xc2, 0x20, 0xe,
    0x14, 0x86, 0x0, 0xbb, 0xfa, 0xca, 0x40, 0x2c,
    0xdc, 0xa0, 0xf2, 0x0, 0x11, 0xd, 0x70, 0x2c,
    0x3, 0xe5, 0x20, 0xf, 0xa, 0x98, 0x0, 0x88,
    0x6b, 0xa1, 0x40, 0xc, 0xdc, 0x85, 0xc2,

    /* U+0043 "C" */
    0x0, 0x8e, 0xb7, 0xa8, 0xc0, 0x26, 0xc6, 0xb8,
    0xc, 0x10, 0x29, 0x6c, 0x66, 0x56, 0x88, 0x40,
    0xc8, 0x6, 0x20, 0x3, 0xa0, 0x7, 0xe2, 0xd0,
    0xf, 0xef, 0x0, 0xfc, 0x44, 0x0, 0xfc, 0xe8,
    0x1, 0xfa, 0x6, 0x0, 0x32, 0x88, 0x14, 0x3d,
    0xb3, 0x2a, 0x8a, 0x0, 0x7c, 0x8, 0x80, 0xe2,
    0x0,

    /* U+0044 "D" */
    0x6f, 0xfb, 0x68, 0xc0, 0x3a, 0xf2, 0xc7, 0x1c,
    0x3, 0x29, 0xb5, 0xbc, 0x18, 0x7, 0xd0, 0x32,
    0x1, 0xf9, 0x1c, 0x3, 0xf1, 0x10, 0x3, 0xff,
    0x8c, 0x44, 0x0, 0xfc, 0x8e, 0x1, 0xf4, 0x8c,
    0x0, 0x4a, 0x6d, 0x6d, 0x4, 0x1, 0x5e, 0x58,
    0xe3, 0x80, 0x0,

    /* U+0045 "E" */
    0x6f, 0xff, 0x28, 0x2, 0xf3, 0x32, 0x0, 0x14,
    0xcf, 0x8, 0x7, 0xff, 0x1b, 0xbf, 0xe8, 0x0,
    0xaa, 0xee, 0xa0, 0x9, 0x13, 0x10, 0x7, 0xff,
    0x1d, 0x4c, 0xf1, 0x0, 0x2f, 0x33, 0x50,

    /* U+0046 "F" */
    0x6f, 0xff, 0x28, 0x2, 0xf3, 0x32, 0x0, 0x14,
    0xcf, 0x8, 0x7, 0xff, 0x1b, 0xbf, 0xe8, 0x0,
    0xaf, 0x32, 0xa0, 0x9, 0x4c, 0xe2, 0x0, 0xff,
    0xea, 0x80,

    /* U+0047 "G" */
    0x0, 0x8a, 0xb7, 0xad, 0x80, 0x25, 0xd6, 0xab,
    0x39, 0x60, 0x1a, 0x5c, 0x75, 0x8d, 0x60, 0x81,
    0xb0, 0xc, 0x40, 0x4, 0x40, 0x80, 0x7c, 0x44,
    0x0, 0x8c, 0xe2, 0x0, 0xf6, 0x65, 0xe0, 0x44,
    0x0, 0xbf, 0xce, 0x0, 0x74, 0x0, 0xfd, 0x3,
    0x20, 0x1f, 0x14, 0xb6, 0x3a, 0xbb, 0x30, 0x0,
    0xd8, 0xd5, 0x4b, 0x9b,

    /* U+0048 "H" */
    0x6f, 0x10, 0xc, 0xde, 0x1, 0xff, 0xdf, 0xef,
    0xfd, 0x20, 0x1a, 0xae, 0xf3, 0x0, 0x64, 0x4e,
    0xf0, 0xf, 0xfe, 0xf0,

    /* U+0049 "I" */
    0x6f, 0x10, 0xf, 0xfe, 0xa8,

    /* U+004A "J" */
    0x0, 0xe7, 0xf0, 0xf, 0xff, 0x97, 0x80, 0x4c,
    0x1, 0x11, 0x0, 0xa2, 0xd6, 0x16, 0x80, 0xb4,
    0x2d, 0x5d, 0xc0,

    /* U+004B "K" */
    0x6f, 0x10, 0x9, 0xbd, 0x0, 0x3c, 0x73, 0x8,
    0x1, 0xc3, 0xaa, 0xe0, 0x1e, 0xd3, 0xa0, 0xf,
    0x51, 0xf0, 0x7, 0xa5, 0x42, 0xc0, 0x3c, 0xf1,
    0x7, 0x20, 0xe, 0x57, 0x70, 0xc8, 0x7, 0x58,
    0x2, 0xd1, 0x0, 0x1f, 0x29, 0xc8, 0x7, 0xef,
    0x26, 0x0, 0xf8, 0xd6, 0x0,

    /* U+004C "L" */
    0x6f, 0x10, 0xf, 0xff, 0xf8, 0x6, 0x53, 0x3c,
    0x1, 0x5e, 0x66, 0x30,

    /* U+004D "M" */
    0x6f, 0x80, 0xe, 0x9f, 0x50, 0x3, 0x0, 0x73,
    0x80, 0x46, 0x8, 0x1, 0x20, 0x10, 0x0, 0x5f,
    0x40, 0x2d, 0x63, 0x0, 0x1e, 0xb8, 0x4, 0xf6,
    0x20, 0x12, 0x2, 0x2, 0x19, 0x80, 0x39, 0xb8,
    0x3a, 0x80, 0x3d, 0x6a, 0xa, 0xa0, 0xf, 0x19,
    0x49, 0x90, 0x7, 0xd4, 0xd4, 0x1, 0xf9, 0x49,
    0xc0, 0x3f, 0x16, 0x88, 0x6,

    /* U+004E "N" */
    0x6f, 0x60, 0xc, 0xfe, 0x0, 0x80, 0xf, 0x88,
    0x90, 0x1, 0xe3, 0x87, 0x10, 0xe, 0x14, 0x3b,
    0x0, 0xfb, 0xd4, 0xc0, 0x3c, 0x6b, 0xe0, 0x1f,
    0x41, 0xa8, 0x80, 0x71, 0x3c, 0x18, 0x7, 0xa0,
    0xfc, 0x3, 0xe8, 0x50, 0xf, 0x98, 0x80,

    /* U+004F "O" */
    0x0, 0x92, 0xfb, 0x94, 0x60, 0x19, 0xec, 0x22,
    0xd, 0x8a, 0x0, 0x28, 0x7b, 0x66, 0x62, 0xd0,
    0x84, 0xc, 0x0, 0x6b, 0x9, 0x7, 0x70, 0x7,
    0x9, 0x98, 0xb, 0x80, 0x3c, 0xcc, 0x0, 0x78,
    0x7, 0xf1, 0x10, 0x3, 0xcc, 0xc0, 0x74, 0x0,
    0xe1, 0x33, 0x4, 0xc, 0x0, 0x6b, 0x9, 0x2,
    0x87, 0xb6, 0x66, 0x2d, 0x8, 0x1, 0xec, 0x22,
    0xd, 0x8a, 0x0,

    /* U+0050 "P" */
    0x6f, 0xfd, 0xae, 0x1, 0xaf, 0x2e, 0xa6, 0xc0,
    0x25, 0x34, 0x7b, 0x42, 0x0, 0xf3, 0x83, 0x0,
    0x79, 0xc1, 0x80, 0x30, 0xa5, 0x99, 0x0, 0x3b,
    0xfa, 0xd3, 0x40, 0x2b, 0xcd, 0xfa, 0x10, 0x9,
    0x4c, 0x80, 0x3f, 0xfa, 0x60,

    /* U+0051 "Q" */
    0x0, 0x92, 0xfb, 0x94, 0x60, 0x1c, 0xf6, 0x11,
    0x6, 0xc5, 0x0, 0x8a, 0x1e, 0xd9, 0x98, 0xb4,
    0x20, 0x8, 0x18, 0x0, 0xd6, 0x12, 0x0, 0x74,
    0x0, 0xe1, 0x33, 0x0, 0xb, 0x40, 0x3c, 0xcc,
    0x0, 0xff, 0xe1, 0xf, 0x0, 0x79, 0x98, 0x0,
    0x47, 0x0, 0xe1, 0x33, 0x0, 0x24, 0x5c, 0x3,
    0x40, 0x48, 0x0, 0xde, 0x25, 0x11, 0x4d, 0x22,
    0x1, 0x45, 0x2d, 0xd8, 0x6d, 0x80, 0x39, 0x71,
    0xc3, 0xd0, 0x3, 0xf4, 0x95, 0x42, 0x28, 0x7,
    0x87, 0x19, 0x6e, 0xc2,

    /* U+0052 "R" */
    0x6f, 0xfd, 0xb2, 0x20, 0x15, 0xe6, 0x2d, 0xf4,
    0x2, 0x53, 0x33, 0x51, 0x98, 0x3, 0xcc, 0xc,
    0x1, 0xe7, 0x6, 0x0, 0x11, 0xd, 0xed, 0xc,
    0x1, 0x9b, 0x90, 0xd6, 0x1, 0x77, 0xb8, 0x50,
    0x7, 0xa0, 0x60, 0x3, 0xe8, 0x54, 0x0, 0xf3,
    0x1c, 0x80, 0x7d, 0xe4, 0xc0,

    /* U+0053 "S" */
    0x0, 0x1d, 0xf7, 0x28, 0xc0, 0x5, 0x8f, 0x30,
    0x18, 0x41, 0x43, 0x8e, 0xd5, 0xa4, 0x2, 0x1,
    0xc4, 0x0, 0xd1, 0xc3, 0x0, 0xe4, 0xb2, 0xcc,
    0x20, 0x6, 0x4e, 0x91, 0xba, 0x10, 0xc, 0xdb,
    0x2b, 0x0, 0x1e, 0x64, 0x50, 0x72, 0x0, 0xcc,
    0xc0, 0xbd, 0x95, 0x55, 0x94, 0x86, 0x41, 0x5d,
    0x83, 0xc,

    /* U+0054 "T" */
    0x8f, 0xff, 0xc3, 0x59, 0x90, 0x2e, 0x64, 0x24,
    0x67, 0x1, 0x19, 0xc0, 0x1f, 0xff, 0xf0, 0xf,
    0xfe, 0x20,

    /* U+0055 "U" */
    0x6f, 0x0, 0xe6, 0xf0, 0xf, 0xff, 0x40, 0x81,
    0x80, 0x80, 0x6f, 0x16, 0x2, 0x0, 0xc4, 0x43,
    0xa, 0x0, 0x85, 0x50, 0x21, 0xa9, 0x5b, 0x6,
    0x41, 0xe9, 0xaa, 0x1f, 0xc4,

    /* U+0056 "V" */
    0xdb, 0x0, 0xe7, 0xf1, 0x54, 0x0, 0xec, 0x41,
    0xb0, 0x40, 0xc, 0x9a, 0x6, 0x3a, 0x1, 0x28,
    0x38, 0x1, 0xd0, 0x2, 0xc3, 0x10, 0x6, 0x91,
    0x0, 0xf, 0x60, 0x12, 0x2, 0x81, 0x8a, 0x80,
    0x65, 0xc0, 0x42, 0x20, 0x6, 0xf4, 0xb, 0x50,
    0xe, 0x50, 0x63, 0xb0, 0xf, 0x24, 0x9, 0x80,
    0x7b, 0x45, 0xc0, 0x30,

    /* U+0057 "W" */
    0x7f, 0x0, 0xd9, 0xa0, 0x1b, 0xa0, 0xc0, 0xc0,
    0x23, 0x21, 0x0, 0x8, 0xb1, 0x41, 0x40, 0x6,
    0x44, 0x40, 0x2, 0x82, 0x89, 0x78, 0x1, 0x1d,
    0xd8, 0x0, 0x31, 0x10, 0x3a, 0x80, 0x33, 0x71,
    0x0, 0x1a, 0xa0, 0xd, 0x30, 0x2, 0x21, 0x48,
    0x41, 0xcc, 0x0, 0x60, 0x46, 0x6, 0x61, 0x40,
    0x2c, 0x0, 0x20, 0x3a, 0x20, 0x0, 0xb8, 0x60,
    0xa0, 0x11, 0x6e, 0xb0, 0x1, 0x8a, 0xa1, 0x10,
    0x4, 0xe4, 0xe6, 0x0, 0x43, 0xf5, 0x0, 0xd8,
    0x84, 0x80, 0x3, 0x7, 0x30, 0xc, 0xa2, 0x60,
    0x19, 0x7, 0x0, 0x0,

    /* U+0058 "X" */
    0x3f, 0x60, 0x8, 0xbd, 0x8d, 0x20, 0x2, 0x82,
    0x60, 0x91, 0x60, 0x25, 0x90, 0x1, 0x34, 0x4,
    0x1a, 0x0, 0x50, 0x32, 0xbe, 0x1, 0x86, 0x19,
    0x4c, 0x3, 0xb0, 0x18, 0x3, 0x91, 0x16, 0x6a,
    0x1, 0xa1, 0x51, 0xac, 0x2, 0x53, 0x80, 0x81,
    0x70, 0x5, 0xb1, 0x0, 0xbc, 0xb, 0x8c, 0x0,
    0x52, 0x30,

    /* U+0059 "Y" */
    0xc, 0xc0, 0x6, 0x4f, 0x40, 0x93, 0x30, 0x5,
    0xe6, 0x80, 0xa5, 0x20, 0x2, 0x48, 0x0, 0xa1,
    0x44, 0x2c, 0x90, 0x2, 0x52, 0x91, 0x68, 0x0,
    0xeb, 0x69, 0x25, 0x0, 0xe6, 0x7, 0xb0, 0xf,
    0x98, 0x18, 0x3, 0xef, 0x0, 0xff, 0xeb, 0x80,

    /* U+005A "Z" */
    0xa, 0xff, 0xf6, 0x4, 0x66, 0x68, 0xa, 0x2,
    0x33, 0xd6, 0x6c, 0x1, 0xcc, 0x7e, 0x1, 0xc3,
    0x2e, 0x60, 0x1d, 0x63, 0x0, 0x1c, 0x8b, 0x40,
    0x1e, 0xa5, 0x40, 0xe, 0x91, 0xb0, 0xe, 0x36,
    0x91, 0x0, 0xef, 0x12, 0x33, 0xf8, 0x6f, 0x33,
    0x68,

    /* U+005B "[" */
    0x4d, 0xd5, 0x80, 0xed, 0x80, 0x7f, 0xfa, 0x47,
    0x6c,

    /* U+005C "\\" */
    0x63, 0x0, 0xe1, 0xa0, 0xe, 0x57, 0x0, 0xe2,
    0x33, 0x0, 0x72, 0xd8, 0x7, 0x5a, 0x80, 0x71,
    0x98, 0x80, 0x39, 0xd4, 0x3, 0xb6, 0xc0, 0x39,
    0xc, 0x40, 0x39, 0x5c, 0x3, 0xbf, 0x40, 0x39,
    0x10, 0x1, 0xc2, 0x68, 0x1, 0xd7, 0xa0, 0x1c,
    0xae, 0x0,

    /* U+005D "]" */
    0x6d, 0xd4, 0xb6, 0xc1, 0x0, 0x7f, 0xfa, 0x1b,
    0x60, 0x80,

    /* U+005E "^" */
    0x0, 0x37, 0xa0, 0x6, 0xa2, 0xe0, 0x8, 0xcd,
    0xea, 0x20, 0xa, 0x62, 0x46, 0x0, 0x35, 0x7,
    0x50, 0x29, 0x18, 0x29, 0x1f, 0xd0, 0x4, 0xd4,

    /* U+005F "_" */
    0xcf, 0xff, 0xa8,

    /* U+0060 "`" */
    0x4a, 0x0, 0x3a, 0xc8, 0x1e, 0x3b, 0x1, 0xe9,
    0x80,

    /* U+0061 "a" */
    0x0, 0x3e, 0x7e, 0xb0, 0x1, 0xee, 0xad, 0x25,
    0x1, 0xf1, 0x92, 0x43, 0x40, 0x31, 0xb0, 0x90,
    0x2, 0x7a, 0x44, 0xc0, 0x14, 0xbd, 0x4e, 0xc0,
    0x5, 0xa0, 0x9, 0xc0, 0x3, 0x68, 0xb6, 0x60,
    0xd, 0x1b, 0x9f, 0x70,

    /* U+0062 "b" */
    0x6c, 0x0, 0xfb, 0x88, 0x3, 0xff, 0x9e, 0x77,
    0xd8, 0xa0, 0x10, 0xee, 0x53, 0x52, 0x0, 0x5e,
    0xe9, 0x45, 0x0, 0x1, 0x10, 0x4, 0xa6, 0x1,
    0xf7, 0x80, 0x7e, 0xe1, 0x0, 0x8, 0x6, 0x74,
    0x0, 0xb1, 0x55, 0x83, 0x60, 0x4, 0x98, 0xb7,
    0xd1, 0x0,

    /* U+0063 "c" */
    0x0, 0x15, 0x77, 0x24, 0x40, 0xb5, 0xae, 0xc4,
    0x40, 0x91, 0xc5, 0x55, 0x98, 0x24, 0x80, 0x71,
    0x1, 0x0, 0x71, 0x1, 0x0, 0x78, 0xe8, 0x3,
    0xde, 0x58, 0x88, 0xb6, 0x3, 0xc7, 0xaa, 0x13,
    0x80,

    /* U+0064 "d" */
    0x0, 0xfb, 0x14, 0x3, 0xe3, 0x30, 0x7, 0xff,
    0x20, 0xef, 0xf5, 0x40, 0x22, 0xc7, 0xa8, 0x90,
    0xa, 0x4b, 0x15, 0x58, 0x1, 0x25, 0x0, 0x78,
    0x40, 0x80, 0x3c, 0x20, 0x40, 0x1f, 0x15, 0x80,
    0x44, 0x1, 0x41, 0xd2, 0x36, 0x0, 0x4b, 0x4f,
    0x7b, 0xa3, 0x0,

    /* U+0065 "e" */
    0x0, 0x15, 0xf6, 0xb8, 0x4, 0x5a, 0x3b, 0x12,
    0xe0, 0x9, 0x4a, 0x35, 0x89, 0x0, 0x26, 0x80,
    0x48, 0x22, 0x20, 0x9f, 0xfb, 0x40, 0xc8, 0x2b,
    0xff, 0x88, 0xf, 0x80, 0x3e, 0xf4, 0xa4, 0x36,
    0x60, 0x0, 0xf4, 0x6b, 0x74, 0x40,

    /* U+0066 "f" */
    0x0, 0xc2, 0x1, 0x3f, 0xf4, 0x0, 0xc3, 0x74,
    0x82, 0x85, 0x8, 0x80, 0x21, 0x0, 0x3d, 0x86,
    0xf8, 0x34, 0x85, 0x68, 0x9, 0x3, 0x90, 0x7,
    0xff, 0x64,

    /* U+0067 "g" */
    0x0, 0x36, 0xff, 0xea, 0x6, 0x98, 0xd7, 0xb,
    0xb0, 0x52, 0xa8, 0xa0, 0x8c, 0x40, 0x6, 0x1,
    0xf4, 0xb2, 0x3, 0x92, 0x80, 0x10, 0x63, 0xee,
    0xc4, 0x0, 0x94, 0xcf, 0xc4, 0x0, 0x85, 0xd0,
    0xc8, 0x40, 0x2b, 0x2b, 0xcd, 0xee, 0x18, 0x4b,
    0xff, 0xd8, 0x10, 0x29, 0x40, 0x11, 0x90, 0x8d,
    0x4, 0x5, 0x7, 0x1, 0x81, 0x9f, 0xe1, 0xd2,

    /* U+0068 "h" */
    0x6c, 0x0, 0xf7, 0x10, 0x7, 0xff, 0x30, 0x6b,
    0xb5, 0x40, 0x3, 0x85, 0x63, 0x42, 0x0, 0xe8,
    0x5f, 0x5, 0x1, 0x30, 0x1, 0x1, 0x0, 0x70,
    0x80, 0x7f, 0xf5, 0x80,

    /* U+0069 "i" */
    0x7c, 0xf, 0x10, 0x8d, 0x0, 0xd1, 0xc0, 0x1f,
    0xfc, 0xd0,

    /* U+006A "j" */
    0x0, 0x3e, 0x0, 0x5e, 0x20, 0x14, 0x68, 0x7,
    0xe8, 0xe0, 0xf, 0xff, 0x20, 0x80, 0x9, 0x10,
    0xa1, 0x76, 0x19, 0x0,

    /* U+006B "k" */
    0x0, 0xfd, 0x1c, 0x1, 0xff, 0xd7, 0xbd, 0x0,
    0xe8, 0x4f, 0x0, 0xc8, 0xf6, 0x40, 0x11, 0x53,
    0x20, 0x6, 0xe0, 0x70, 0xc, 0x21, 0xe1, 0x0,
    0x1b, 0x46, 0x1c, 0x80, 0x2, 0x20, 0x63, 0x90,
    0xf, 0x7a, 0x28,

    /* U+006C "l" */
    0x7e, 0xf, 0x0, 0xff, 0xe8, 0xf0, 0x92, 0xc,
    0x80,

    /* U+006D "m" */
    0x8b, 0x2a, 0xeb, 0x20, 0x8e, 0xd5, 0x0, 0x2f,
    0xed, 0xaf, 0xe0, 0xd8, 0xd0, 0x80, 0xfb, 0xac,
    0x15, 0x4a, 0xf0, 0x20, 0x9, 0x0, 0x8, 0x10,
    0x0, 0x40, 0x40, 0x1f, 0xff, 0x50,

    /* U+006E "n" */
    0x8b, 0x1a, 0xed, 0x50, 0x2, 0xe1, 0x58, 0xd0,
    0x80, 0xf4, 0x2f, 0x82, 0x80, 0x98, 0x0, 0x80,
    0x80, 0x38, 0x40, 0x3f, 0xfa, 0xc0,

    /* U+006F "o" */
    0x0, 0x15, 0xf6, 0xc8, 0x4, 0x5a, 0x17, 0x67,
    0xc0, 0x4, 0x95, 0xab, 0x61, 0xb0, 0x25, 0x0,
    0x44, 0x78, 0x40, 0x40, 0x19, 0x9c, 0x80, 0x80,
    0x33, 0x38, 0x1d, 0x0, 0x44, 0x78, 0x1c, 0x56,
    0x8b, 0x84, 0xc0, 0x5a, 0x15, 0xf, 0xa0,

    /* U+0070 "p" */
    0x8b, 0x3b, 0xec, 0x50, 0x9, 0x37, 0x29, 0xa9,
    0x0, 0x2f, 0x74, 0xa2, 0x80, 0x0, 0x88, 0x2,
    0x53, 0x0, 0xfb, 0xc0, 0x3f, 0x70, 0x80, 0x4,
    0x3, 0x3a, 0x0, 0x58, 0xaa, 0xc1, 0xb0, 0x0,
    0xd4, 0x53, 0xe8, 0x80, 0x4d, 0xbf, 0x64, 0x1,
    0xff, 0xd1,

    /* U+0071 "q" */
    0x0, 0x1d, 0xfe, 0xae, 0x30, 0x1e, 0x3d, 0x44,
    0x98, 0x2, 0xb, 0x15, 0x58, 0x1, 0x25, 0x0,
    0x78, 0x40, 0x80, 0x3c, 0x20, 0x40, 0x1f, 0x15,
    0x80, 0x44, 0x1, 0x41, 0xd2, 0x36, 0x0, 0x4b,
    0x4f, 0x7b, 0xa0, 0xc, 0xbb, 0xf6, 0x60, 0x1f,
    0xfd, 0x10,

    /* U+0072 "r" */
    0x8b, 0x2b, 0xf2, 0x6, 0xe3, 0x92, 0x2, 0xa8,
    0x60, 0x9, 0x80, 0x30, 0x80, 0x7f, 0xf4, 0x0,

    /* U+0073 "s" */
    0x1, 0xae, 0xe5, 0x10, 0x53, 0xd6, 0x83, 0x2,
    0x52, 0x1d, 0x20, 0x2c, 0x38, 0x80, 0x55, 0x32,
    0xe8, 0x0, 0x9b, 0xa5, 0xe4, 0x3, 0x33, 0x10,
    0xf9, 0x8d, 0x5d, 0xe, 0x2b, 0x2d, 0xe4,

    /* U+0074 "t" */
    0x0, 0x30, 0x80, 0x43, 0x26, 0x1, 0x18, 0x6,
    0x8d, 0xd, 0xf8, 0x99, 0x5, 0x6c, 0x89, 0x3,
    0x90, 0x80, 0x7f, 0xf1, 0xdc, 0x18, 0x2, 0x20,
    0xf4, 0x30, 0x1a, 0x5a, 0xb0,

    /* U+0075 "u" */
    0xac, 0x0, 0x8f, 0xcc, 0x3, 0xff, 0xaa, 0x20,
    0x1e, 0x33, 0x0, 0x48, 0x0, 0xd1, 0x95, 0x9b,
    0x0, 0x23, 0xba, 0x7, 0x0, 0x0,

    /* U+0076 "v" */
    0x9d, 0x0, 0xcf, 0xc1, 0xa4, 0x60, 0x15, 0xb8,
    0x20, 0xd8, 0x0, 0x4f, 0x40, 0xe, 0xa0, 0x7,
    0x14, 0x0, 0x51, 0x10, 0x29, 0xc0, 0x23, 0x15,
    0x13, 0xa0, 0xc, 0xd6, 0x82, 0x60, 0x1a, 0x8f,
    0x98, 0x3, 0x88, 0x89, 0x60, 0x10,

    /* U+0077 "w" */
    0x7f, 0x0, 0x9b, 0xd0, 0x0, 0x3e, 0x8a, 0x8,
    0x0, 0xc1, 0xc0, 0x2, 0x2, 0x10, 0xe0, 0x1,
    0x25, 0x0, 0x18, 0x60, 0x4, 0x40, 0x10, 0x31,
    0x88, 0x25, 0x80, 0x3c, 0xc1, 0x50, 0x44, 0x82,
    0x48, 0x0, 0x40, 0x4c, 0xc0, 0x3e, 0x20, 0x18,
    0x0, 0x48, 0xd5, 0x3, 0x13, 0x50, 0x3, 0x2d,
    0x1, 0x2, 0x12, 0x60, 0x6, 0xc2, 0x40, 0x0,
    0x91, 0xa0, 0x0,

    /* U+0078 "x" */
    0x3f, 0x50, 0x2, 0x79, 0x99, 0x6c, 0x1, 0x2c,
    0x61, 0x60, 0xea, 0x70, 0x0, 0x18, 0x85, 0xc0,
    0x80, 0x4e, 0x2, 0xc0, 0x1a, 0xd0, 0x60, 0x2,
    0x35, 0x98, 0x72, 0x0, 0x73, 0x13, 0x1f, 0x3,
    0x94, 0x0, 0x3c, 0xd8,

    /* U+0079 "y" */
    0x9e, 0x0, 0xcf, 0xc1, 0x42, 0x60, 0x15, 0xa0,
    0x19, 0x50, 0x0, 0x4f, 0x80, 0x14, 0xe0, 0x7,
    0x4, 0x0, 0x30, 0xa0, 0x6a, 0x80, 0x42, 0x9c,
    0x9, 0xc0, 0x1b, 0x91, 0x0, 0x80, 0x19, 0x42,
    0x54, 0x3, 0xce, 0x5e, 0x1, 0xef, 0x5, 0x0,
    0xf5, 0xb0, 0x7, 0x1c, 0x95, 0x80, 0x64, 0xc5,
    0xc2, 0x0, 0xc0,

    /* U+007A "z" */
    0xf, 0xff, 0x0, 0x37, 0x6a, 0x7, 0x0, 0x11,
    0x5c, 0x50, 0x1, 0x99, 0x38, 0x3, 0xc, 0x31,
    0x80, 0x6b, 0x39, 0x0, 0xca, 0xa9, 0x0, 0xc3,
    0x68, 0xc4, 0x50, 0x30, 0xa6, 0xee, 0x10,

    /* U+007B "{" */
    0x0, 0x26, 0x58, 0x2, 0x52, 0xc0, 0x5, 0x60,
    0x1f, 0xfc, 0x11, 0x70, 0xc, 0xe0, 0x5, 0x12,
    0x6, 0xa8, 0x10, 0x6c, 0x81, 0x0, 0x18, 0xa8,
    0x6, 0x70, 0x8, 0x40, 0x3f, 0x86, 0xc0, 0x2a,
    0x4b,

    /* U+007C "|" */
    0x5a, 0x0, 0xff, 0xea, 0x98,

    /* U+007D "}" */
    0x6d, 0x80, 0x3, 0x73, 0xa0, 0x0, 0xcc, 0x40,
    0x1f, 0x84, 0xc0, 0x3f, 0xf8, 0x2f, 0xe0, 0x14,
    0x2e, 0x0, 0x25, 0xb0, 0x0, 0xda, 0x1, 0x84,
    0x2, 0x13, 0x0, 0x84, 0x2, 0x32, 0x20, 0x37,
    0x32, 0x0,

    /* U+007E "~" */
    0x0, 0xff, 0x37, 0xe9, 0x80, 0x18, 0x6, 0xf6,
    0x35, 0x5a, 0x0, 0x74, 0x97, 0x62, 0x1a, 0x0,

    /* U+4E0A "上" */
    0x0, 0xf0, 0xc0, 0x7, 0xff, 0x8, 0xdc, 0x40,
    0x3f, 0xfe, 0x6a, 0x45, 0xc0, 0x1f, 0xeb, 0xdd,
    0xe1, 0x0, 0xfe, 0xef, 0xfe, 0x10, 0xf, 0xff,
    0xf8, 0x7, 0xc4, 0x5c, 0xe0, 0xa4, 0x5e, 0x2,
    0xdd, 0xea, 0xb, 0xdd, 0xf1, 0x80,

    /* U+4E0D "不" */
    0x3, 0x3f, 0xfe, 0x10, 0x3, 0x73, 0x3f, 0xf8,
    0x1a, 0x0, 0xef, 0xfe, 0xd0, 0x8f, 0xfd, 0xc0,
    0x1f, 0xb8, 0x9c, 0x3, 0xff, 0x81, 0x6, 0xe0,
    0x1f, 0xfc, 0x6, 0x71, 0xc, 0xb1, 0x0, 0xfc,
    0xd3, 0x24, 0xd, 0x7f, 0x40, 0xf, 0x4c, 0xcc,
    0x0, 0x1c, 0x6b, 0x70, 0x8, 0xf5, 0xe9, 0x80,
    0x3a, 0x2a, 0x24, 0x7, 0x1b, 0xd4, 0x3, 0xe5,
    0xb4, 0x11, 0x6d, 0x88, 0x7, 0xf2, 0x68, 0x81,
    0x0, 0x7f, 0xfa, 0x48, 0x80, 0x1f, 0x0,

    /* U+4E2D "中" */
    0x0, 0xf4, 0xc0, 0x7, 0xff, 0x0, 0xc4, 0x3,
    0xff, 0x90, 0xff, 0xfc, 0xad, 0xff, 0xcc, 0x7,
    0xbb, 0x91, 0x77, 0x71, 0x0, 0x1c, 0x8b, 0x9,
    0x91, 0x61, 0x0, 0xff, 0xf0, 0x27, 0xfe, 0x56,
    0xff, 0xc6, 0x0, 0x3d, 0xdc, 0x8b, 0xbb, 0x88,
    0x1b, 0x88, 0xb0, 0x99, 0x16, 0xf7, 0x12, 0x0,
    0xff, 0x10, 0x80, 0x7f, 0xf5, 0x8b, 0x80, 0x3c,

    /* U+4E8C "二" */
    0x0, 0x1a, 0x27, 0xf8, 0xc0, 0x34, 0x5d, 0xff,
    0xa0, 0x3, 0x5f, 0xff, 0xfa, 0xc0, 0x3f, 0xff,
    0xe0, 0x1f, 0xfd, 0xc5, 0x5f, 0xfe, 0x10, 0xd,
    0x57, 0xff, 0x8, 0x40,

    /* U+4E8E "于" */
    0x0, 0x11, 0x7f, 0xf0, 0x0, 0x36, 0xef, 0xff,
    0x0, 0x3, 0x7f, 0xf4, 0x1f, 0xff, 0x0, 0x7f,
    0xf9, 0x87, 0xff, 0xd0, 0x7f, 0xfe, 0x21, 0xcc,
    0xf3, 0x16, 0x67, 0x88, 0xc, 0xfd, 0xc2, 0x67,
    0xe0, 0xf, 0xff, 0xc9, 0x9d, 0xae, 0x1, 0xff,
    0x5e, 0x61, 0xf8, 0x3, 0xe0,

    /* U+4ECA "今" */
    0x0, 0xf9, 0xa4, 0x3, 0xff, 0x82, 0x52, 0xc4,
    0x1, 0xff, 0xf, 0xab, 0x60, 0x80, 0x7f, 0x16,
    0x35, 0x4b, 0xf9, 0x80, 0x7c, 0x98, 0xd6, 0x0,
    0x97, 0xc5, 0x0, 0xe8, 0xb4, 0xb7, 0xd1, 0x9,
    0x7a, 0xa0, 0x81, 0x73, 0x55, 0x1, 0xdd, 0xe4,
    0x11, 0x49, 0xc4, 0x46, 0xf5, 0x0, 0xa9, 0x30,
    0x0, 0xbf, 0x24, 0x10, 0x6, 0x7d, 0x30, 0x67,
    0xb, 0x0, 0x4f, 0x99, 0xe9, 0xcc, 0x9c, 0x3,
    0x37, 0xff, 0xe3, 0x47, 0x0, 0xff, 0xe0, 0x49,
    0x50, 0x7, 0xff, 0x1, 0x5a, 0x84, 0x3, 0xfe,
    0x3a, 0x84, 0x0, 0xff, 0x87, 0x55, 0xc0, 0x3f,
    0xf8, 0x4, 0xb4, 0x1, 0xe0,

    /* U+4EFD "份" */
    0x0, 0xd2, 0x20, 0x4, 0x0, 0x28, 0x7, 0xcc,
    0xe2, 0x9, 0x60, 0x8, 0x50, 0xf, 0x53, 0x0,
    0x39, 0x40, 0x9, 0x80, 0x1c, 0x66, 0x90, 0x15,
    0xe0, 0x5, 0x30, 0x80, 0x68, 0x31, 0x9, 0x24,
    0x0, 0x19, 0xa4, 0x2, 0x54, 0x0, 0x1b, 0xf0,
    0x6, 0x87, 0x40, 0x1b, 0x10, 0x2d, 0x42, 0x11,
    0xca, 0xab, 0x32, 0x24, 0x80, 0x14, 0x3b, 0xbc,
    0x6e, 0x47, 0x82, 0x5, 0x76, 0xf4, 0x8f, 0xf3,
    0xc, 0x8, 0x7, 0xe6, 0x30, 0x1, 0x80, 0x7f,
    0x84, 0x98, 0x0, 0x3e, 0x1, 0xfc, 0x84, 0x40,
    0x3, 0x88, 0x7, 0xf7, 0x28, 0x4, 0x46, 0x1,
    0xf9, 0x55, 0x20, 0x10, 0xb0, 0x7, 0xc9, 0x50,
    0x20, 0x5, 0x3, 0x0, 0xfa, 0x25, 0x81, 0xbe,
    0x9c, 0x3, 0x9b, 0x43, 0x18, 0x0, 0xdf, 0xe8,
    0x0, 0x80,

    /* U+4F7F "使" */
    0x0, 0xd4, 0x80, 0x12, 0xc8, 0x7, 0xe3, 0x55,
    0x0, 0x46, 0x40, 0x1f, 0xa1, 0xb3, 0xfe, 0x94,
    0xff, 0xcc, 0x0, 0x34, 0xbc, 0xee, 0xa0, 0xfb,
    0xb3, 0x0, 0x3c, 0x48, 0x47, 0x9c, 0x47, 0x0,
    0x1c, 0xc0, 0xd, 0xff, 0x4a, 0x7f, 0xda, 0x7,
    0xc, 0x1, 0x27, 0xfa, 0x53, 0xfd, 0x60, 0x4,
    0x45, 0x0, 0x7f, 0xf0, 0x5a, 0x80, 0x3e, 0x10,
    0xf, 0x8, 0x80, 0x32, 0x7f, 0xa1, 0x3f, 0xd6,
    0x1, 0xf3, 0xbb, 0xfc, 0xcc, 0xff, 0xb4, 0x3,
    0xc2, 0x90, 0xf, 0x80, 0x1f, 0xf6, 0xae, 0x2,
    0x80, 0x7f, 0xc2, 0xa6, 0x10, 0x40, 0x1f, 0x85,
    0xb1, 0xaf, 0x4b, 0x72, 0x58, 0x40, 0x23, 0xa,
    0xa7, 0x21, 0xd7, 0x48, 0x51, 0x80,

    /* U+5165 "入" */
    0x0, 0xeb, 0x20, 0xf, 0xfe, 0x1e, 0x10, 0x7,
    0xff, 0x6, 0xd3, 0xc4, 0x3, 0xff, 0x83, 0x41,
    0x60, 0x1f, 0xfc, 0x22, 0x53, 0x0, 0xff, 0xe0,
    0x20, 0x1c, 0x0, 0x7f, 0xf0, 0x34, 0xf5, 0x10,
    0x1, 0xfe, 0x16, 0xa1, 0x69, 0x0, 0xff, 0x48,
    0xb8, 0x41, 0x38, 0x7, 0xe2, 0x78, 0x10, 0x17,
    0x81, 0x0, 0xf0, 0xf9, 0xb0, 0x5, 0x5, 0x40,
    0x1e, 0xd3, 0xd0, 0xe, 0xe4, 0xa0, 0x9, 0x38,
    0xb0, 0x40, 0x38, 0xe9, 0x70, 0x45, 0x4b, 0xe4,
    0x1, 0xf2, 0xe1, 0x18, 0xfd, 0x88, 0x7, 0xf1,
    0xf1, 0x0,

    /* U+5185 "内" */
    0x0, 0xf3, 0xc0, 0x7, 0xff, 0x3, 0x84, 0x3,
    0xff, 0x90, 0xdf, 0xfc, 0xcc, 0xff, 0xe7, 0x3,
    0xdd, 0xc8, 0xbb, 0xb8, 0xc0, 0x22, 0x2c, 0x1a,
    0x45, 0x9c, 0x3, 0xe5, 0x0, 0xff, 0xe0, 0x20,
    0xc2, 0x0, 0x7f, 0xa1, 0x66, 0xd0, 0x3, 0xf3,
    0x9c, 0x34, 0x59, 0x80, 0x79, 0xa2, 0x48, 0x1d,
    0xb4, 0x80, 0x34, 0x4c, 0x98, 0x2, 0x92, 0xb0,
    0xd, 0x38, 0xc0, 0x1d, 0xb2, 0x1, 0x84, 0xc0,
    0x3c, 0x20, 0x1f, 0xfc, 0x2, 0x29, 0x84, 0x3,
    0xf9, 0x77, 0x40, 0x8d, 0x80, 0x1f, 0x3f, 0xfb,
    0x48,

    /* U+518D "再" */
    0xc, 0xff, 0xff, 0xe0, 0x60, 0x3, 0x7b, 0xb9,
    0x1b, 0xbb, 0xb4, 0x0, 0x23, 0xff, 0xc2, 0x0,
    0x9f, 0xff, 0x2b, 0xff, 0xe7, 0x0, 0xe4, 0xee,
    0x91, 0xbb, 0xa3, 0x0, 0xf8, 0x47, 0xf3, 0x80,
    0x79, 0x3f, 0xe5, 0x7f, 0xf9, 0x0, 0x3c, 0x9f,
    0xf2, 0x37, 0xfc, 0x60, 0x1f, 0xe1, 0x10, 0x4,
    0xe0, 0x18, 0x7c, 0x4, 0x7f, 0x3f, 0x88, 0x2f,
    0x3a, 0x77, 0x48, 0xdd, 0xd1, 0xbf, 0x32, 0xfc,
    0x27, 0xff, 0xe4, 0x8f, 0x60, 0xf, 0xfe, 0x68,
    0x88, 0x98, 0x40, 0x3f, 0xe2, 0xed, 0x4, 0x0,
    0xcf, 0x60, 0x1c, 0x7f, 0xed, 0x20, 0x0,

    /* U+51FA "出" */
    0x0, 0xf4, 0xc0, 0x7, 0xc6, 0x60, 0x8, 0xc4,
    0x2, 0x34, 0x0, 0x54, 0x80, 0x7e, 0xae, 0x0,
    0xff, 0xf0, 0xaf, 0xfc, 0xad, 0xff, 0x30, 0x5,
    0x1b, 0xb9, 0x11, 0xbb, 0xac, 0xe, 0x8, 0xb0,
    0x91, 0x74, 0x1b, 0x30, 0x3, 0xfc, 0xce, 0x1,
    0xff, 0xe0, 0x22, 0xc2, 0x45, 0xc0, 0x1b, 0x77,
    0x22, 0x37, 0x70, 0x1, 0x7f, 0xff, 0xe2, 0x0,

    /* U+5206 "分" */
    0x0, 0xe4, 0x0, 0xc8, 0x1, 0xfc, 0x96, 0x60,
    0x1, 0xb4, 0x0, 0xfd, 0x8, 0x60, 0x1, 0x78,
    0x0, 0xf9, 0xe, 0x0, 0x34, 0x13, 0x0, 0x7a,
    0x50, 0xc0, 0x3a, 0x24, 0x80, 0x35, 0x1d, 0x0,
    0x79, 0x93, 0xc4, 0x1, 0x2b, 0x26, 0x45, 0xf4,
    0x6, 0x8, 0x96, 0x63, 0x77, 0xf6, 0x7b, 0x88,
    0xb1, 0xbf, 0xe0, 0xcf, 0xfa, 0x84, 0xa8, 0x3,
    0xc6, 0x4, 0x1, 0x19, 0x80, 0x3f, 0x21, 0x8,
    0x4, 0x22, 0x0, 0xfd, 0x54, 0x0, 0xde, 0xe0,
    0x1f, 0x31, 0x30, 0x6, 0x11, 0x0, 0x79, 0x26,
    0x42, 0x1, 0x94, 0x80, 0x39, 0xed, 0xd8, 0x0,
    0x42, 0x66, 0xd0, 0xd, 0x55, 0x40, 0x5, 0xbd,
    0x86, 0xa0, 0x1a, 0xb5, 0x40, 0x37, 0xfd, 0x80,
    0x18,

    /* U+521B "创" */
    0x0, 0xc5, 0x20, 0x1f, 0x2a, 0x80, 0x34, 0x38,
    0x7, 0xd9, 0x80, 0x9, 0x10, 0xf6, 0x1, 0x5b,
    0x0, 0x71, 0x55, 0xcb, 0xc0, 0x7, 0xe3, 0xc7,
    0x50, 0xe7, 0x50, 0xf, 0x1e, 0xbc, 0x80, 0xa,
    0x68, 0x80, 0x38, 0xa4, 0xbf, 0xf4, 0xa0, 0x80,
    0x70, 0xb8, 0x47, 0x73, 0x2, 0xcc, 0x3, 0xf8,
    0x46, 0x0, 0xff, 0xe1, 0x30, 0x80, 0x7f, 0xf0,
    0x4c, 0x80, 0x3f, 0xe3, 0xf9, 0x90, 0x0, 0xcc,
    0x1, 0xf1, 0xff, 0x2c, 0x4, 0x28, 0x7, 0xfc,
    0xc4, 0x1, 0xf0, 0xf0, 0x4, 0x62, 0x40, 0x22,
    0x30, 0xb, 0xdf, 0xfe, 0xc7, 0x3, 0xee, 0x3d,
    0x0, 0x17, 0xbf, 0xf4, 0x1, 0xff, 0xb4, 0xc0,

    /* U+5230 "到" */
    0x0, 0xff, 0xe0, 0x99, 0x83, 0x7f, 0xfe, 0x50,
    0xa, 0xa8, 0x1b, 0xec, 0x7d, 0xbd, 0xeb, 0x6a,
    0x1, 0xe6, 0xf1, 0x99, 0x0, 0x7f, 0x42, 0x98,
    0x53, 0x18, 0x7, 0xc8, 0xe3, 0x7b, 0xe3, 0xe0,
    0x1f, 0x3a, 0x1e, 0xce, 0xf0, 0x90, 0x7, 0x8e,
    0xe1, 0x78, 0xc7, 0x48, 0x3, 0xf9, 0xdc, 0x1,
    0xfe, 0x7f, 0xf5, 0x97, 0xfc, 0x1, 0xf3, 0xf7,
    0x28, 0xbb, 0xa0, 0xf, 0xc2, 0x30, 0x8, 0xc0,
    0x42, 0x1, 0xf0, 0x9b, 0x56, 0x9c, 0xa0, 0x6,
    0x8b, 0xea, 0xd, 0xd4, 0x98, 0x4, 0x60, 0x16,
    0x57, 0x72, 0xdd, 0x0, 0x1b, 0xeb, 0x81, 0xe,
    0x82, 0x1, 0xec, 0xdf, 0x50,

    /* U+529F "功" */
    0x0, 0xfe, 0x47, 0x0, 0xff, 0xe1, 0x1e, 0x0,
    0x71, 0x7f, 0xf5, 0x80, 0x7f, 0x16, 0xe8, 0xa3,
    0x68, 0x3, 0xfc, 0x44, 0x2, 0x21, 0xff, 0xa1,
    0x3f, 0xf0, 0x7, 0xc5, 0xba, 0x55, 0x6e, 0xac,
    0x3, 0xf8, 0x88, 0x3a, 0x44, 0x70, 0xf, 0xf9,
    0xc4, 0x0, 0xe2, 0x1, 0xfe, 0x22, 0x0, 0x46,
    0x1, 0xf0, 0x81, 0x8a, 0x0, 0x4, 0x3, 0xdd,
    0x9c, 0x8, 0x60, 0x11, 0x88, 0x14, 0xf1, 0x2a,
    0x60, 0x52, 0x0, 0x5c, 0xe0, 0x28, 0xd9, 0xd0,
    0x6c, 0x72, 0x1, 0x9, 0x1, 0xec, 0x18, 0x0,
    0xa2, 0x44, 0x2, 0x5e, 0x0, 0xf2, 0x62, 0x38,
    0x10, 0x99, 0xc0, 0x1e, 0x86, 0xa0, 0x7, 0xf6,
    0x22, 0x0, 0x3d, 0x90, 0x1, 0x6f, 0xfa, 0xc0,
    0x0,

    /* U+5382 "厂" */
    0x0, 0x11, 0x9f, 0xff, 0x0, 0x1, 0x19, 0x9f,
    0xfc, 0x0, 0x9, 0xbf, 0xff, 0xe0, 0xf, 0xfe,
    0xa0, 0x80, 0x7f, 0xf0, 0xc4, 0x3, 0xff, 0x82,
    0xe0, 0x1f, 0xfc, 0x21, 0xf0, 0xf, 0xfe, 0x9,
    0x90, 0x7, 0xff, 0x0, 0x44, 0xc0, 0x1f, 0xfc,
    0x4, 0x3, 0x0, 0xff, 0xe0, 0x7a, 0x0, 0x7f,
    0xf0, 0x5, 0x78, 0x3, 0xff, 0x82, 0xea, 0x1,
    0xff, 0xc0,

    /* U+540C "同" */
    0x9f, 0xff, 0xfe, 0x4, 0x83, 0x6e, 0xff, 0x98,
    0x0, 0x24, 0x5f, 0xe1, 0x0, 0xdf, 0xff, 0x84,
    0x3, 0xbf, 0xff, 0x8, 0x7, 0xff, 0x1c, 0xff,
    0xfc, 0x60, 0x1f, 0x17, 0xfe, 0x10, 0xf, 0xfe,
    0xc1, 0x7f, 0xe1, 0x0, 0xfc, 0x3f, 0xfc, 0x60,
    0x1e, 0x16, 0x0, 0xff, 0xe0, 0x14, 0x0, 0x71,
    0x14, 0x1, 0xff, 0x66, 0xbe, 0xcc, 0x0, 0x7e,
    0xef, 0xd4,

    /* U+540E "后" */
    0x0, 0xff, 0x89, 0x8c, 0x3, 0x84, 0xd5, 0xa2,
    0xb3, 0xf6, 0x64, 0x1, 0xa7, 0xb6, 0x34, 0x89,
    0x76, 0xdf, 0xa0, 0xe, 0x6e, 0xdb, 0xa8, 0x74,
    0x20, 0xf, 0xfe, 0x5b, 0x7f, 0xff, 0xc8, 0x1,
    0x2e, 0xef, 0xfc, 0x80, 0x3, 0x31, 0x17, 0xfc,
    0x1, 0x30, 0x80, 0x8f, 0xf0, 0x6, 0x1f, 0xe,
    0xef, 0xe1, 0x0, 0x8c, 0x80, 0x1b, 0xff, 0xda,
    0x1, 0x84, 0x4e, 0x1, 0xff, 0xc1, 0x41, 0x20,
    0xf, 0xfe, 0xf, 0x20, 0x4, 0xc2, 0x3c, 0xc0,
    0x11, 0xa4, 0x80, 0x57, 0xdd, 0xd6, 0x1, 0x13,
    0x98, 0x0, 0xb7, 0xff, 0xb4, 0x80, 0x0,

    /* U+5728 "在" */
    0x0, 0xf5, 0x18, 0x7, 0xff, 0x4, 0x94, 0x40,
    0x3f, 0x88, 0xb5, 0x8, 0x11, 0x7c, 0x0, 0xdd,
    0xce, 0x3b, 0xbf, 0x80, 0x1f, 0xf4, 0x8f, 0xfe,
    0xef, 0xfc, 0x1, 0x86, 0x6c, 0x2, 0x6d, 0x0,
    0xfd, 0x66, 0xa0, 0x1f, 0xfc, 0x8, 0x59, 0x0,
    0xff, 0xe0, 0x43, 0x80, 0x87, 0xfd, 0x27, 0xff,
    0x30, 0x1b, 0xd0, 0x80, 0x3b, 0xa7, 0x3e, 0xe9,
    0x80, 0xf1, 0x40, 0x21, 0x1b, 0x80, 0x46, 0x0,
    0x8c, 0x3, 0xff, 0xcf, 0x5f, 0xf4, 0x9f, 0xfe,
    0x0, 0xd0, 0xd7, 0xdd, 0xfc, 0x0,

    /* U+5907 "备" */
    0x0, 0xe4, 0xa0, 0xf, 0xfe, 0x14, 0x80, 0x7f,
    0xf0, 0xb0, 0x97, 0xff, 0xa8, 0x3, 0x8f, 0x4d,
    0x7f, 0xf2, 0x95, 0x80, 0x67, 0xca, 0xe0, 0xc3,
    0x4d, 0x1c, 0x10, 0xc, 0xfc, 0xe3, 0x6f, 0x96,
    0xd4, 0x20, 0x1c, 0x2a, 0xf7, 0xc1, 0x54, 0xe,
    0xc8, 0x63, 0x4, 0xea, 0xdd, 0x75, 0xaa, 0xaf,
    0xa4, 0x2b, 0x4d, 0x3a, 0x96, 0x7b, 0xff, 0x75,
    0x3f, 0xf1, 0x80, 0x80, 0x3f, 0xe5, 0x6f, 0xf7,
    0x0, 0x7f, 0xf0, 0xc4, 0x3, 0xf7, 0xfc, 0xad,
    0xff, 0x0, 0x7e, 0xff, 0x95, 0xbf, 0xe0, 0xf,
    0xfe, 0x67, 0xfc, 0xad, 0xff, 0x0, 0x79, 0xd7,
    0xff, 0xee, 0x51, 0x0, 0x0,

    /* U+590D "复" */
    0x0, 0xd2, 0x20, 0x1f, 0xfc, 0x18, 0x71, 0x0,
    0xff, 0xe0, 0x1b, 0x8f, 0xff, 0xf3, 0x0, 0x13,
    0x23, 0xff, 0xfc, 0xc0, 0xb, 0x8e, 0xfe, 0xef,
    0xbd, 0x0, 0x2d, 0x70, 0x6e, 0xef, 0x80, 0x38,
    0x80, 0xf, 0x99, 0xf0, 0x7, 0xe7, 0xcc, 0xf8,
    0x3, 0xf3, 0x6e, 0xfc, 0x1, 0xf4, 0xd9, 0x7e,
    0xef, 0x7a, 0x0, 0x71, 0xd8, 0x67, 0x77, 0x60,
    0x7, 0x36, 0x13, 0x77, 0x68, 0x18, 0x0, 0xc7,
    0x35, 0xa7, 0x64, 0x33, 0x2a, 0x40, 0xc, 0x7c,
    0xa1, 0x43, 0xbc, 0xfa, 0xa0, 0x1c, 0x24, 0xb3,
    0xaa, 0x8a, 0x39, 0x4c, 0x84, 0x9, 0xdb, 0xc1,
    0x1f, 0x75, 0xf4, 0x5b, 0x38, 0x29, 0xfd, 0x72,
    0xa0, 0x19, 0x22, 0xf7, 0x84,

    /* U+5931 "失" */
    0x0, 0x8d, 0xc0, 0x12, 0xe0, 0x1f, 0xe9, 0xc0,
    0x1, 0x78, 0x7, 0xf9, 0x74, 0x3, 0xff, 0x82,
    0xa1, 0x3f, 0xe4, 0x7f, 0xfd, 0x80, 0x1a, 0xdb,
    0x32, 0x35, 0xcc, 0xdc, 0x1, 0x40, 0xc1, 0x9c,
    0xe4, 0x67, 0x88, 0x2, 0x28, 0x10, 0x9, 0xfc,
    0x3, 0xf4, 0x21, 0x17, 0x79, 0x17, 0x80, 0xb7,
    0x37, 0x70, 0xbe, 0xef, 0x88, 0x9f, 0xfd, 0x40,
    0xb, 0xff, 0xe2, 0x0, 0xf4, 0xab, 0xc0, 0x7,
    0xfd, 0x7, 0x12, 0x4e, 0x1, 0xfc, 0xee, 0x92,
    0x1a, 0x86, 0x0, 0xf1, 0x5c, 0x41, 0x80, 0x9,
    0x32, 0xa1, 0x0, 0xd, 0x6b, 0x63, 0x80, 0x66,
    0xc7, 0xeb, 0x31, 0x3a, 0xd3, 0x0, 0xf1, 0xed,
    0x9, 0x80,

    /* U+5B58 "存" */
    0x0, 0xf4, 0x10, 0x7, 0xff, 0x4, 0x9c, 0x3,
    0xfc, 0x45, 0x94, 0x40, 0x8b, 0xe0, 0x6, 0xee,
    0x81, 0xdd, 0xfc, 0x0, 0xff, 0xa8, 0x3b, 0xff,
    0xf0, 0x7, 0x5c, 0x8, 0xfe, 0x0, 0xe8, 0x37,
    0x4e, 0xef, 0x68, 0x6, 0x47, 0x80, 0x4f, 0xfc,
    0xe7, 0xa0, 0x12, 0x58, 0x30, 0x6, 0x1c, 0x2c,
    0x10, 0x2, 0x5b, 0x0, 0x78, 0x8e, 0x80, 0x32,
    0xc4, 0x80, 0x2b, 0xfe, 0xc0, 0xff, 0xc8, 0x2e,
    0x1, 0x5f, 0x75, 0x61, 0xbd, 0xd2, 0x0, 0x70,
    0x8e, 0x70, 0x21, 0x18, 0x3, 0xff, 0x98, 0x22,
    0x70, 0xf, 0xfe, 0xd, 0xf5, 0xa8, 0x7, 0x0,

    /* U+5DF2 "已" */
    0x8f, 0xff, 0xf8, 0xc0, 0x13, 0x99, 0xfe, 0x0,
    0xc2, 0x67, 0xfe, 0x0, 0xea, 0x80, 0xf, 0xff,
    0x3, 0xff, 0xfe, 0x0, 0xf2, 0xee, 0xfd, 0x80,
    0x1e, 0x22, 0xfc, 0x7e, 0x60, 0x1f, 0xfc, 0x31,
    0x0, 0xff, 0xe0, 0x8f, 0x10, 0x7, 0xff, 0x0,
    0x80, 0x80, 0x90, 0x40, 0x3e, 0x18, 0x30, 0x5,
    0xf, 0x7f, 0xfd, 0xcd, 0xe0, 0x2, 0xde, 0xdd,
    0xfb, 0xb4, 0xc0,

    /* U+5E03 "布" */
    0x0, 0xf4, 0xa0, 0x7, 0xff, 0x4, 0x58, 0x3,
    0xfc, 0x45, 0x98, 0x18, 0x8b, 0xe0, 0x6, 0xee,
    0x80, 0xdd, 0xfc, 0x0, 0xff, 0xa8, 0x3b, 0xf7,
    0xbf, 0xf8, 0x3, 0xae, 0x4, 0x3d, 0x0, 0x3f,
    0xa0, 0x1c, 0x3, 0xff, 0x80, 0xae, 0x3f, 0xf1,
    0x57, 0xfe, 0x20, 0x2, 0xd1, 0x1e, 0xec, 0x31,
    0xbb, 0x0, 0x49, 0x51, 0x4e, 0x45, 0x19, 0x16,
    0x0, 0x96, 0x5c, 0x3, 0xff, 0x82, 0x2c, 0x1,
    0xff, 0xce, 0x20, 0xf, 0xfe, 0xb, 0x7e, 0xa1,
    0x0, 0x66, 0x90, 0xe, 0x6f, 0xf5, 0x80, 0x70,
    0x90, 0x4, 0xc2, 0x1, 0xe0,

    /* U+5E08 "师" */
    0x0, 0xb0, 0x80, 0x3f, 0xf8, 0x24, 0x1b, 0xff,
    0xf8, 0x9e, 0x40, 0x2c, 0xee, 0x68, 0x67, 0x74,
    0x40, 0x1c, 0x23, 0x10, 0x10, 0x8c, 0x1, 0xe4,
    0xff, 0x83, 0xbf, 0xd0, 0x1, 0xf1, 0x77, 0x3,
    0x79, 0x80, 0x3f, 0x8, 0xc0, 0x62, 0x20, 0xe,
    0x10, 0xf, 0xfe, 0x19, 0x80, 0x7f, 0xf0, 0x4,
    0x4, 0x3, 0xfc, 0xd0, 0x42, 0x1, 0xff, 0x8,
    0x91, 0x40, 0x3f, 0x8, 0x6, 0xad, 0x0, 0xfb,
    0x9b, 0x40, 0xc, 0x4c, 0x9, 0xc0, 0x1b, 0xbd,
    0x40, 0xa6, 0x40, 0x11, 0x0, 0x7e, 0x28, 0x60,
    0xf, 0x20, 0x7, 0x0,

    /* U+5F55 "录" */
    0x0, 0xff, 0xe2, 0x6f, 0xff, 0xf8, 0x80, 0x2c,
    0xee, 0xfd, 0x60, 0x60, 0x10, 0x80, 0x7f, 0x84,
    0x2, 0x5e, 0xef, 0xd6, 0x1, 0xcb, 0xff, 0xfa,
    0x80, 0x3f, 0xf8, 0x46, 0x20, 0x17, 0x7f, 0xff,
    0x48, 0xff, 0x83, 0xb7, 0x5f, 0xf3, 0x2f, 0xfd,
    0x9b, 0xe0, 0x5, 0xd7, 0x0, 0x94, 0xc1, 0x32,
    0x80, 0x27, 0xb9, 0x90, 0x5, 0xef, 0x75, 0x0,
    0x19, 0x33, 0x61, 0xd9, 0x91, 0x8a, 0x1, 0xc7,
    0x16, 0x64, 0x14, 0x7e, 0x20, 0x12, 0xee, 0x6,
    0xda, 0x80, 0x34, 0x3d, 0xc4, 0x9, 0x7a, 0x88,
    0x8, 0x0, 0x39, 0x32, 0xf0, 0x78, 0x10, 0xdf,
    0x5d, 0x0, 0x9f, 0xb0, 0x0,

    /* U+6062 "恢" */
    0x0, 0x24, 0x80, 0x6c, 0x10, 0xf, 0xc2, 0xa0,
    0x10, 0x98, 0x80, 0x7f, 0xf0, 0x4, 0x80, 0x47,
    0xc0, 0x4, 0x20, 0xb7, 0xec, 0xe, 0xef, 0x8,
    0x7f, 0x0, 0xf, 0xe1, 0x7f, 0xd7, 0xdf, 0xe1,
    0x6, 0xe0, 0xdd, 0x6, 0xe8, 0x1, 0x4, 0x1,
    0x8c, 0x81, 0x34, 0x1c, 0xd8, 0x88, 0x25, 0x0,
    0x8a, 0x0, 0x24, 0x12, 0x4b, 0x31, 0x35, 0x10,
    0x4a, 0x0, 0xce, 0x62, 0x60, 0x1, 0xcd, 0x0,
    0x8, 0x6, 0xaa, 0x3b, 0x29, 0x11, 0x50, 0x3,
    0xc8, 0x6c, 0x75, 0x84, 0xd6, 0x1, 0xf4, 0xb8,
    0x29, 0x29, 0x6a, 0x80, 0x79, 0x4e, 0x0, 0xe,
    0x3e, 0xe0, 0x1f, 0x2e, 0x0, 0xe, 0x20, 0x4f,
    0x60, 0x1f, 0x10, 0x46, 0x3a, 0x4, 0x3e, 0x8,
    0x0, 0x54, 0x2, 0x2b, 0x80, 0x0, 0xe5, 0x88,

    /* U+6210 "成" */
    0x0, 0xfc, 0x78, 0x12, 0x40, 0x1f, 0xf3, 0x98,
    0x76, 0xb8, 0x7, 0xf9, 0xc0, 0xf, 0xb6, 0x20,
    0x17, 0xff, 0xb0, 0x3f, 0xda, 0x7c, 0x60, 0x14,
    0xee, 0xeb, 0xb, 0xdd, 0xc6, 0x1, 0x11, 0x72,
    0x3, 0x11, 0xc, 0x80, 0x30, 0x8e, 0x0, 0x98,
    0xf, 0x84, 0x3, 0x57, 0x74, 0xc0, 0x44, 0xa,
    0x41, 0x0, 0xd7, 0xfe, 0x33, 0x3, 0xf8, 0xbf,
    0x80, 0x73, 0x80, 0x4, 0x1, 0x8b, 0x4, 0x80,
    0x11, 0x0, 0x80, 0xc, 0x41, 0xd, 0xb8, 0x3,
    0x8, 0x18, 0x8, 0x98, 0x2, 0x62, 0x7, 0x10,
    0x52, 0x3f, 0xe3, 0x21, 0xf1, 0x40, 0x5, 0xa8,
    0x6a, 0x17, 0x73, 0x7, 0x3, 0x49, 0x0, 0x98,
    0x53, 0x40, 0x44, 0x5e, 0x7e, 0x6b, 0x2c, 0x24,
    0x52, 0x0, 0x4c, 0x5e, 0x41, 0x6d, 0x30, 0x7,
    0xa0, 0x19, 0x30, 0x40, 0x3, 0x7e, 0xe0,

    /* U+6211 "我" */
    0x0, 0xe1, 0x56, 0xb, 0x20, 0x20, 0xc, 0x6f,
    0x5b, 0xd1, 0xe0, 0x8c, 0xcc, 0x30, 0xa, 0x70,
    0x81, 0xf6, 0x40, 0x26, 0x9d, 0x20, 0x5, 0x5c,
    0x38, 0x6, 0x11, 0x3, 0xa2, 0x0, 0x3f, 0xc6,
    0x60, 0x5, 0x30, 0xf, 0xfc, 0xaf, 0xff, 0x14,
    0xff, 0xe2, 0x1d, 0xd9, 0x1b, 0x76, 0x45, 0xdd,
    0xc4, 0x4, 0x50, 0x88, 0x8a, 0x31, 0x23, 0xf0,
    0xf, 0xc4, 0xc7, 0xcc, 0x16, 0x24, 0x1, 0x23,
    0xa3, 0xed, 0xba, 0x92, 0xab, 0xc0, 0x7, 0xf7,
    0x20, 0xbd, 0xa8, 0x61, 0x4e, 0x60, 0x3, 0x9d,
    0xe4, 0x21, 0x0, 0x8, 0x8e, 0x0, 0x80, 0xc,
    0x40, 0x1c, 0x58, 0x22, 0x0, 0x42, 0x80, 0x7c,
    0xb8, 0xda, 0x48, 0x2, 0x20, 0x1, 0x11, 0xbd,
    0x69, 0xac, 0x9a, 0x95, 0x14, 0x7, 0x74, 0x2a,
    0xad, 0x80, 0x4, 0xa5, 0x30, 0x80,

    /* U+6216 "或" */
    0x0, 0xfc, 0x36, 0x2c, 0xa0, 0x1f, 0xf1, 0xa1,
    0x9a, 0xec, 0x20, 0x1f, 0xc6, 0x0, 0x5f, 0x2,
    0x0, 0x77, 0xff, 0xb8, 0x37, 0xf9, 0x30, 0x1,
    0x9b, 0xbe, 0xc0, 0x9d, 0xdc, 0x0, 0x22, 0xf8,
    0xc4, 0xc8, 0x82, 0x40, 0x17, 0xff, 0x40, 0x11,
    0x0, 0xb0, 0x80, 0x37, 0x7f, 0x98, 0x0, 0xfe,
    0x14, 0x84, 0x1, 0xfe, 0x23, 0x6, 0xe0, 0xe,
    0x30, 0x1, 0x80, 0x31, 0x5c, 0xd4, 0x3, 0xb7,
    0xfc, 0xa0, 0x7, 0x18, 0x90, 0xe, 0xff, 0xe8,
    0x2, 0x4, 0x40, 0x10, 0x7, 0x13, 0x56, 0x8d,
    0x0, 0x69, 0x40, 0x8b, 0xfd, 0x80, 0xbb, 0x2c,
    0x21, 0x83, 0x38, 0x19, 0x56, 0xf4, 0x52, 0x63,
    0xa7, 0x29, 0x10, 0x2e, 0x54, 0x81, 0xdd, 0xe6,
    0x14, 0xd4, 0xe2,

    /* U+626B "扫" */
    0x0, 0xa5, 0x0, 0x3f, 0xf8, 0x28, 0x20, 0x1,
    0x1f, 0x80, 0x3e, 0x4e, 0xef, 0x9c, 0x4, 0x40,
    0x62, 0x9f, 0xfe, 0x50, 0x2e, 0xe1, 0x4f, 0x30,
    0x7, 0xe2, 0xff, 0x15, 0x7b, 0x0, 0x7f, 0xf3,
    0xcd, 0x4f, 0xbf, 0xf9, 0x40, 0x56, 0x4a, 0x6d,
    0xb3, 0x3c, 0x60, 0x56, 0x63, 0x1c, 0xa4, 0x67,
    0xcc, 0x7, 0xd4, 0x64, 0x1, 0xff, 0xe2, 0x6f,
    0xff, 0x28, 0x0, 0x44, 0x60, 0x6, 0xdd, 0xf2,
    0x0, 0x23, 0x8d, 0x0, 0x4, 0x5e, 0xd3,

    /* U+6309 "按" */
    0x0, 0x16, 0x0, 0x72, 0xe0, 0x7, 0xe3, 0x0,
    0xe4, 0x33, 0x0, 0x7f, 0xb7, 0xfd, 0xc1, 0x9f,
    0xf0, 0x80, 0xb0, 0x8, 0x82, 0xbb, 0x7b, 0xb0,
    0x1, 0x7a, 0xc3, 0xa8, 0x4, 0x5c, 0xc2, 0x30,
    0x1, 0x7f, 0x43, 0xee, 0x98, 0x4d, 0x0, 0x27,
    0x0, 0xf9, 0x8d, 0xc4, 0x84, 0x69, 0x10, 0xe,
    0x5e, 0xe4, 0x8f, 0x77, 0x28, 0x6, 0x7e, 0xfd,
    0xd, 0xff, 0x1b, 0xfa, 0x94, 0x78, 0x5e, 0x5,
    0xa1, 0x0, 0xe, 0xc0, 0x8, 0xa8, 0x18, 0xe2,
    0xd8, 0x0, 0x61, 0x30, 0x3, 0x6d, 0x80, 0x43,
    0x10, 0xb2, 0x89, 0x0, 0xff, 0x3f, 0xe, 0x8b,
    0x0, 0x7f, 0xc6, 0x23, 0x61, 0x80, 0x42, 0xc0,
    0x12, 0x4e, 0x8f, 0xf9, 0xf1, 0xc0, 0x1f, 0x6c,
    0x3, 0x21, 0x94, 0x22, 0xaa, 0x58, 0x3, 0xbe,
    0x40, 0x76, 0x4c, 0x3, 0x2e, 0x0,

    /* U+65B0 "新" */
    0x0, 0x92, 0x40, 0x3f, 0x28, 0x80, 0x65, 0x62,
    0x0, 0x91, 0xef, 0xe1, 0xc0, 0x1f, 0xee, 0xd,
    0xff, 0x1d, 0xf6, 0xec, 0xc0, 0xf, 0x4e, 0xfe,
    0x4f, 0x10, 0x96, 0x20, 0xf, 0x20, 0x3b, 0x80,
    0x3f, 0xed, 0x30, 0xda, 0x0, 0xfe, 0x4f, 0x99,
    0x7a, 0x4f, 0xa8, 0x7f, 0xf2, 0xa7, 0xfc, 0x1d,
    0xfe, 0x50, 0xee, 0x2b, 0x72, 0x80, 0x71, 0x80,
    0x4, 0x71, 0x88, 0x80, 0xff, 0xe0, 0xdf, 0xf2,
    0x98, 0x7, 0x8f, 0xeb, 0xc3, 0x6f, 0xcc, 0x40,
    0x3e, 0x49, 0x0, 0xa4, 0xc9, 0x80, 0x3e, 0x98,
    0x0, 0x1c, 0x43, 0x34, 0x3, 0xeb, 0x40, 0x9,
    0x61, 0x10, 0x1, 0xf3, 0x1f, 0x90, 0x82, 0xa1,
    0x80, 0x7e, 0x3f, 0xd0, 0x3, 0x50, 0x5, 0xdc,
    0x0, 0x0,

    /* U+65E0 "无" */
    0x2, 0xff, 0xff, 0xe0, 0x20, 0x0, 0xb7, 0x78,
    0x67, 0x77, 0x90, 0x2, 0x22, 0xe1, 0x52, 0x2e,
    0x0, 0xff, 0x8, 0x7, 0xff, 0x4, 0x40, 0xc0,
    0x3e, 0x2f, 0xfe, 0xe0, 0xef, 0xff, 0x19, 0x6e,
    0xf3, 0x19, 0x3e, 0xef, 0x18, 0x11, 0x72, 0xd8,
    0x71, 0x17, 0x0, 0x78, 0x8d, 0x40, 0x3f, 0xf8,
    0x30, 0x84, 0x1, 0xff, 0xc0, 0x45, 0x80, 0xf,
    0xa0, 0x40, 0x24, 0xb7, 0x30, 0xf, 0x99, 0x40,
    0xf, 0x6d, 0x0, 0x1, 0xe0, 0x8, 0x85, 0x8b,
    0xa2, 0x64, 0x1, 0x23, 0xff, 0xda, 0x84, 0x49,
    0xe6, 0x0, 0xd1, 0xdb, 0xba, 0xc0,

    /* U+65E5 "日" */
    0x2f, 0xff, 0xf2, 0x0, 0x33, 0x3f, 0x0, 0x63,
    0x3f, 0xc0, 0x1f, 0xfd, 0xcf, 0xff, 0xc0, 0x1b,
    0x37, 0x7e, 0x0, 0xc6, 0x45, 0xf0, 0x7, 0xff,
    0x73, 0xff, 0xf0, 0x6, 0xcc, 0xfc, 0x0, 0x38,
    0x33, 0xfd, 0x2a,

    /* U+65F6 "时" */
    0x0, 0xff, 0x9d, 0x0, 0x21, 0x1c, 0x1, 0xeb,
    0x20, 0x5, 0xf7, 0x64, 0x0, 0xff, 0x4f, 0xf8,
    0x80, 0x8b, 0x87, 0x88, 0x40, 0x3d, 0xbb, 0xc4,
    0xfa, 0xe0, 0x1e, 0xff, 0xe3, 0x9f, 0x60, 0x10,
    0xe, 0x20, 0xf, 0xd1, 0xfe, 0x20, 0x3d, 0x20,
    0xf, 0xa7, 0xfc, 0x40, 0x6d, 0xc0, 0x1f, 0xfc,
    0x18, 0x26, 0x0, 0xff, 0xe0, 0xc, 0xd8, 0x7,
    0x84, 0x60, 0xc, 0xf8, 0x1, 0xe8, 0xee, 0x10,
    0x6, 0x10, 0xf, 0x4f, 0xfc, 0x80, 0x1f, 0xdc,
    0xa0, 0x1e, 0x32, 0x31, 0x0, 0x94, 0xc0, 0x3d,
    0x1b, 0x82, 0xe0, 0x0,

    /* U+667A "智" */
    0x0, 0x32, 0x80, 0x7f, 0xf0, 0x6c, 0xc0, 0x38,
    0x47, 0x80, 0x8, 0x53, 0xff, 0x4a, 0x77, 0x72,
    0x85, 0x53, 0xc6, 0xfe, 0x40, 0xbf, 0xe2, 0x3,
    0x1a, 0xf1, 0xbf, 0xf0, 0x80, 0x78, 0xff, 0xd4,
    0x13, 0xfe, 0x10, 0xf, 0xc5, 0x71, 0x76, 0x10,
    0x2f, 0xf8, 0x80, 0xb, 0x8c, 0xfa, 0x30, 0x9d,
    0xdc, 0xa3, 0x35, 0x0, 0xa, 0x90, 0x11, 0xe0,
    0x1c, 0x4e, 0xff, 0xfe, 0x0, 0xf5, 0xff, 0xfb,
    0x0, 0x3e, 0xbe, 0xef, 0x60, 0x7, 0xd7, 0xdd,
    0xec, 0x0, 0xff, 0xe5, 0x5f, 0xff, 0xb0, 0x3,
    0xc9, 0x9f, 0xfe, 0xd5, 0x0, 0x0,

    /* U+66F4 "更" */
    0xf, 0xff, 0xfe, 0x10, 0x3, 0xbb, 0xcc, 0x9d,
    0xde, 0x0, 0x8, 0xfc, 0x2, 0x3e, 0x0, 0xa3,
    0xff, 0x3a, 0x7f, 0xf0, 0x7, 0x2f, 0xfc, 0xe9,
    0xff, 0x60, 0x7, 0x97, 0xfe, 0x74, 0xff, 0xb0,
    0x3, 0xcb, 0xff, 0x3a, 0x7f, 0xd8, 0x1, 0xff,
    0xca, 0x5f, 0xf9, 0xd3, 0xfe, 0xc0, 0xe, 0x87,
    0xcf, 0xf0, 0xcf, 0xff, 0x0, 0x7b, 0x85, 0x5,
    0xc0, 0x3f, 0xd0, 0x39, 0x4c, 0x20, 0x1f, 0xf5,
    0x10, 0x80, 0x80, 0x7e, 0x37, 0xd9, 0x79, 0x4e,
    0xd9, 0x75, 0x43, 0x10, 0xeb, 0xae, 0x86, 0xdd,
    0x58, 0x64, 0x56, 0x10, 0x6e, 0x38, 0x80, 0x44,
    0xd3, 0x7b, 0xde, 0x60,

    /* U+672A "未" */
    0x0, 0xfa, 0x1c, 0x3, 0xff, 0x84, 0x5c, 0x1,
    0xff, 0xcd, 0xdf, 0xfc, 0xad, 0xff, 0xc0, 0x1b,
    0xf7, 0x72, 0x2e, 0xef, 0x0, 0x62, 0x2e, 0x13,
    0x22, 0xe0, 0xf, 0xfe, 0x3f, 0xff, 0x95, 0xbf,
    0xfc, 0x0, 0xdd, 0xe4, 0x0, 0x2e, 0xef, 0x0,
    0x8, 0xb3, 0xa1, 0x99, 0x18, 0x8b, 0x0, 0x72,
    0x55, 0xb2, 0xd5, 0x98, 0x7, 0xc9, 0x72, 0x80,
    0x4, 0x9c, 0x40, 0xe, 0x7b, 0x76, 0x0, 0xcc,
    0xf6, 0xe0, 0x2, 0xd8, 0xa8, 0x0, 0xf4, 0x4c,
    0x69, 0x11, 0x35, 0x40, 0x3f, 0x36, 0xa1, 0x4,
    0x90, 0x6, 0x2e, 0x0, 0xc5, 0x20,

    /* U+672C "本" */
    0x0, 0xfa, 0x1c, 0x3, 0xff, 0x84, 0x5c, 0x1,
    0xff, 0xcc, 0x33, 0xf0, 0x91, 0x9f, 0x80, 0x19,
    0x9e, 0x44, 0x66, 0x78, 0x1, 0xff, 0xa4, 0x95,
    0x43, 0x7f, 0xf8, 0x3, 0xd7, 0x60, 0x39, 0x80,
    0xf, 0xe7, 0x6, 0x0, 0x31, 0x30, 0x7, 0xc5,
    0x12, 0x1, 0xd, 0xc9, 0x0, 0x70, 0xfb, 0x20,
    0x6, 0x54, 0xf1, 0x0, 0x87, 0x6, 0x40, 0x3d,
    0x61, 0x84, 0x5, 0xe3, 0x7f, 0xf2, 0xb7, 0xfd,
    0x41, 0xa4, 0x49, 0xc6, 0xcc, 0x91, 0x19, 0x93,
    0x6c, 0x10, 0x38, 0x9, 0x9c, 0x24, 0x67, 0x8,
    0x38, 0x7, 0xff, 0x33, 0x78, 0x3, 0xe0,

    /* U+6821 "校" */
    0x0, 0xac, 0x80, 0x33, 0x30, 0x3, 0xf2, 0x80,
    0x71, 0x48, 0x80, 0x7f, 0x84, 0x65, 0x44, 0x8,
    0xc0, 0x1, 0x10, 0x30, 0xc7, 0x74, 0x95, 0xdd,
    0x10, 0x77, 0x6, 0xfa, 0x7e, 0xfb, 0xfa, 0xbf,
    0xc4, 0x1f, 0x61, 0x9e, 0x5, 0x64, 0x7, 0x6c,
    0x1, 0xb0, 0x24, 0x1, 0xcc, 0x60, 0x5b, 0x26,
    0x1, 0x28, 0x22, 0x2c, 0x7c, 0x2, 0x46, 0xe0,
    0x1, 0x8, 0xa6, 0x33, 0xe4, 0x80, 0xe2, 0x20,
    0x5, 0x58, 0x22, 0x1c, 0x9a, 0xc2, 0x94, 0x54,
    0x0, 0xca, 0x3, 0x0, 0xb, 0x66, 0xa4, 0x2,
    0x64, 0x20, 0xe, 0x27, 0x96, 0x30, 0x9, 0xe0,
    0x3, 0xe3, 0x4, 0x20, 0x8, 0x48, 0x3, 0x8b,
    0x1b, 0x5b, 0x14, 0x3, 0xf4, 0x6b, 0xe1, 0x5b,
    0xd6, 0x90, 0x4, 0xa0, 0x1, 0xbb, 0x8, 0x2,
    0x75, 0x48,

    /* U+6B21 "次" */
    0x0, 0xfa, 0x90, 0x3, 0xf3, 0x10, 0x4, 0x2a,
    0x1, 0xfd, 0xfa, 0xe0, 0x7, 0x4, 0x0, 0xfd,
    0x37, 0x30, 0x18, 0x1f, 0xfe, 0xb0, 0x9, 0x32,
    0x41, 0x63, 0x77, 0x8c, 0x80, 0x31, 0xb, 0x8b,
    0x96, 0x39, 0x10, 0xf4, 0x3, 0x86, 0x64, 0x1,
    0xcc, 0x48, 0x1, 0xe7, 0x70, 0x0, 0x4c, 0x3a,
    0x80, 0x39, 0x62, 0x40, 0x4, 0x18, 0x10, 0xe0,
    0x1d, 0x62, 0x1, 0x20, 0x20, 0x7, 0xd0, 0x10,
    0x1, 0x6a, 0x9b, 0x0, 0x71, 0xbd, 0x80, 0x48,
    0x89, 0xb8, 0x0, 0xee, 0x45, 0x0, 0x15, 0x29,
    0xb1, 0xd0, 0x4, 0x22, 0x90, 0x1, 0xe1, 0x50,
    0x3, 0x96, 0x40, 0x3, 0x84, 0x11, 0x8b, 0x80,
    0x11, 0xdb, 0x71, 0x0, 0x61, 0x9b, 0x0, 0xe4,
    0xe9, 0x20,

    /* U+6B64 "此" */
    0x0, 0xec, 0x20, 0x4, 0x30, 0x7, 0xf8, 0xc4,
    0x0, 0x7c, 0x1, 0xff, 0xcb, 0x10, 0xf, 0xfe,
    0x1f, 0x10, 0x7, 0xf2, 0xa0, 0x7, 0xcc, 0x42,
    0x1, 0x45, 0x68, 0x7, 0xd5, 0xac, 0x7, 0xad,
    0x52, 0x1, 0xf6, 0x7b, 0x82, 0xd7, 0x28, 0x7,
    0xff, 0x1, 0x9c, 0x3, 0xff, 0xcc, 0xe6, 0x1,
    0xff, 0xc2, 0xc4, 0x0, 0x91, 0xc3, 0xbe, 0x4,
    0x80, 0x25, 0x33, 0x70, 0x4d, 0xb5, 0xe4, 0x7a,
    0xff, 0xc6, 0x85, 0x19, 0xf9, 0x2c, 0x60, 0xbd,
    0xbb, 0x80,

    /* U+6B65 "步" */
    0x0, 0xf9, 0xa8, 0x3, 0xf9, 0x50, 0x0, 0x2c,
    0x1, 0xfd, 0xf8, 0x1, 0x1f, 0xfe, 0x80, 0xf,
    0xe2, 0xee, 0xd2, 0x1, 0xfc, 0x23, 0xe0, 0x7,
    0xf9, 0x5f, 0xfd, 0x7, 0xff, 0xe0, 0xdd, 0xf2,
    0xa6, 0xef, 0x80, 0x8a, 0x95, 0x22, 0x1, 0x15,
    0x6e, 0x40, 0x13, 0x2b, 0x0, 0x72, 0x33, 0x0,
    0x24, 0x9b, 0x10, 0xc, 0x32, 0xc6, 0x0, 0x4b,
    0x85, 0x0, 0xc3, 0x81, 0x20, 0x12, 0xc3, 0x80,
    0x5e, 0x1e, 0x38, 0x1, 0x85, 0xc0, 0x23, 0xc4,
    0x46, 0x8, 0x7, 0x89, 0xaf, 0x1e, 0xe8, 0x3,
    0xd7, 0xfb, 0x3, 0x78, 0x80, 0x1f, 0x64, 0x67,
    0x52, 0x0, 0x7e,

    /* U+6BCF "每" */
    0x0, 0xd6, 0x80, 0x1f, 0xfc, 0x16, 0x46, 0x11,
    0xfc, 0x1, 0xd6, 0x1b, 0xdd, 0xfb, 0x0, 0x27,
    0x3f, 0xff, 0xf6, 0x0, 0xa, 0x2c, 0x3, 0xff,
    0x80, 0x38, 0xbb, 0xff, 0xfc, 0x60, 0x1, 0x9a,
    0x16, 0xf9, 0x6e, 0xff, 0x80, 0x40, 0x27, 0x2,
    0xe0, 0x73, 0xf3, 0x0, 0xf8, 0x44, 0xc4, 0x3,
    0x53, 0x40, 0x20, 0x1, 0x4, 0xee, 0x15, 0x7f,
    0xd0, 0xdf, 0xc1, 0xbc, 0xa9, 0xfc, 0x1d, 0xe7,
    0x5f, 0xf6, 0x87, 0xf9, 0x40, 0xa, 0x2, 0x1f,
    0x14, 0x0, 0x10, 0xf, 0x11, 0x0, 0x7, 0x8c,
    0xa0, 0xc2, 0x1, 0xde, 0x5f, 0xf7, 0x1d, 0x7d,
    0xf, 0xe0, 0x5, 0x3f, 0xff, 0x91, 0xbf, 0x0,
    0x3f, 0x87, 0xb8, 0xf6, 0x1, 0x0,

    /* U+7248 "版" */
    0x2, 0x50, 0x68, 0x0, 0xe2, 0x47, 0x70, 0x1,
    0xe4, 0x4, 0x40, 0x79, 0xdf, 0xb3, 0xa0, 0x1f,
    0xce, 0x5b, 0xdf, 0xb4, 0xe0, 0x1f, 0xc6, 0x61,
    0x0, 0xfe, 0xf3, 0x0, 0xff, 0xe0, 0x1f, 0xba,
    0xf8, 0x17, 0xff, 0x60, 0x4, 0x7f, 0xf8, 0x5,
    0x2b, 0xb8, 0xee, 0x0, 0xfe, 0x33, 0x10, 0x88,
    0x8c, 0x0, 0x60, 0x23, 0x0, 0x8b, 0x70, 0x0,
    0xf8, 0x1, 0x1f, 0x74, 0x6, 0xe8, 0xa0, 0x64,
    0x80, 0x1, 0x5f, 0xf0, 0x0, 0x46, 0x47, 0x96,
    0x0, 0xbc, 0x80, 0x37, 0x98, 0x4c, 0x96, 0xc0,
    0x23, 0xe0, 0xc, 0x7c, 0x4, 0x6, 0x40, 0x12,
    0xa0, 0x4, 0x28, 0x82, 0xc5, 0x29, 0x0, 0x21,
    0x10, 0x2, 0x62, 0x5d, 0x4b, 0xc4, 0xd2, 0x58,
    0x0, 0x99, 0x25, 0x6e, 0x40, 0xb6, 0x88,

    /* U+7528 "用" */
    0x0, 0x47, 0xff, 0xfc, 0x40, 0x12, 0xee, 0xcc,
    0x9b, 0xb8, 0x3, 0x8c, 0x8a, 0x11, 0x11, 0x60,
    0xf, 0xfe, 0x43, 0x7f, 0xce, 0xbf, 0xf8, 0x3,
    0x97, 0x76, 0x64, 0xdd, 0xc0, 0x18, 0x4c, 0x8a,
    0x11, 0x11, 0x60, 0xf, 0xfe, 0x39, 0xb7, 0xfc,
    0xeb, 0xff, 0x80, 0x33, 0x46, 0xec, 0xc9, 0xbb,
    0x80, 0x31, 0x21, 0x14, 0x22, 0x22, 0xc0, 0x11,
    0x89, 0x80, 0x7f, 0xf0, 0x2c, 0xc0, 0x3f, 0xf8,
    0x2, 0xf4, 0x1, 0xf0, 0x88, 0x80, 0xa, 0x6c,
    0x1, 0xf5, 0x76, 0xa1, 0x26, 0x0, 0x74, 0x50,
    0x5f, 0xfa, 0xc0,

    /* U+753B "画" */
    0x8f, 0xff, 0xfe, 0x4, 0x4e, 0xef, 0xff, 0x2,
    0x44, 0x8b, 0xff, 0x80, 0x20, 0x17, 0x7f, 0xfb,
    0x40, 0x28, 0x90, 0x6, 0xfb, 0x47, 0xe0, 0x2,
    0x64, 0x6, 0x0, 0x30, 0xf, 0xfe, 0x7f, 0x7b,
    0x47, 0xe0, 0x7, 0xee, 0xf6, 0x8f, 0xc0, 0xf,
    0xfe, 0x57, 0x7b, 0x47, 0xe0, 0x7, 0xdd, 0xff,
    0xed, 0x0, 0xc2, 0x3f, 0xf1, 0x80, 0x13, 0xbb,
    0xfc, 0xa1, 0x1f, 0xff, 0xf4, 0x70,

    /* U+767B "登" */
    0x0, 0xfc, 0xc4, 0x0, 0x50, 0xc, 0xdf, 0xfc,
    0xbf, 0x21, 0x7c, 0x1, 0x9b, 0xbf, 0xd4, 0x9,
    0x9, 0xa5, 0x64, 0x80, 0x2, 0xf6, 0x1b, 0x81,
    0x14, 0x9c, 0x16, 0x18, 0x0, 0xb2, 0xfd, 0x5c,
    0x0, 0xc9, 0x98, 0xb7, 0x0, 0xc2, 0xaa, 0xff,
    0xc8, 0xe0, 0x18, 0x63, 0x2e, 0xdd, 0xff, 0xba,
    0xa2, 0xf4, 0xcc, 0x3f, 0xbf, 0xff, 0x87, 0xe8,
    0xca, 0x44, 0x1f, 0xff, 0xc6, 0x2, 0xe0, 0x1f,
    0xfd, 0x97, 0xff, 0xf1, 0x80, 0x7d, 0x56, 0xbf,
    0xf9, 0x2d, 0xc0, 0x3e, 0x47, 0x40, 0x3, 0xb9,
    0x0, 0x3b, 0xff, 0x15, 0xff, 0xa0, 0xff, 0xf0,
    0x3, 0xff, 0xff, 0x84, 0x0,

    /* U+7684 "的" */
    0x0, 0x1d, 0x80, 0x67, 0x70, 0x7, 0x91, 0xc0,
    0x35, 0x8, 0x7, 0xb2, 0xc0, 0x22, 0x22, 0x88,
    0xe9, 0xf4, 0x8f, 0xf0, 0x28, 0x67, 0x75, 0x81,
    0x1f, 0xed, 0x0, 0x4c, 0xbf, 0xea, 0x10, 0xf,
    0x30, 0xb0, 0x7, 0xfd, 0xae, 0x1, 0x8d, 0xc3,
    0xc0, 0x2, 0x17, 0x3a, 0x40, 0x1c, 0xff, 0xec,
    0x0, 0xa, 0xf8, 0x0, 0x44, 0x11, 0xfe, 0xd0,
    0xa, 0x2, 0x3, 0xcc, 0x3, 0xfb, 0x9c, 0x46,
    0x0, 0xfe, 0x3d, 0x13, 0xf0, 0xf1, 0x18, 0x3,
    0x88, 0x18, 0x81, 0xfb, 0x98, 0x1, 0xe1, 0x36,
    0x8, 0xff, 0xc0, 0x1, 0x31, 0x60, 0x3a, 0x50,
    0xf, 0xb3, 0xa1, 0xc0, 0xc8, 0x3, 0xc3, 0xff,
    0x40, 0x0,

    /* U+7801 "码" */
    0x0, 0xff, 0xe2, 0x17, 0xff, 0x27, 0x7f, 0xf5,
    0x0, 0xb, 0xa4, 0xbb, 0x89, 0xfd, 0xd9, 0x4c,
    0x2, 0x1f, 0x51, 0x10, 0x1d, 0x88, 0xc1, 0xc0,
    0x19, 0x30, 0x2, 0x17, 0x0, 0x98, 0x40, 0x21,
    0x24, 0x0, 0x98, 0x40, 0x21, 0x20, 0x9, 0x83,
    0xfd, 0xa0, 0x6e, 0x1, 0x13, 0x80, 0x54, 0x3d,
    0x60, 0x1, 0x10, 0x6, 0x20, 0x2, 0x10, 0xb,
    0x80, 0x39, 0x7f, 0xe0, 0xef, 0x2, 0x40, 0xe,
    0x9f, 0xfe, 0xb1, 0x6, 0x80, 0xf, 0xf8, 0x48,
    0x0, 0x20, 0x19, 0xbf, 0xfa, 0x89, 0xc0, 0x39,
    0xc1, 0xbb, 0xba, 0xf8, 0xc0, 0x21, 0xfb, 0x0,
    0x8, 0xf9, 0x78, 0x2, 0x1f, 0xf6, 0x80, 0x78,
    0xcc, 0x80, 0x2, 0xb0, 0xf, 0x9f, 0xf1, 0x88,
    0x2, 0x50, 0xf, 0x9f, 0xfd, 0x20, 0x0,

    /* U+786E "确" */
    0x0, 0xfc, 0xb0, 0x1, 0xc3, 0xff, 0xc8, 0x12,
    0x20, 0x1c, 0x3d, 0x25, 0xdc, 0x43, 0x33, 0x7f,
    0xc6, 0x0, 0x1e, 0x41, 0x10, 0x42, 0xff, 0xa0,
    0xcc, 0x1, 0x26, 0x0, 0x15, 0x20, 0xa, 0x3c,
    0x3, 0x1a, 0x1, 0x50, 0x6f, 0xe8, 0x67, 0xe8,
    0x38, 0x77, 0xf9, 0x87, 0x3d, 0x6b, 0xe8, 0x1,
    0x21, 0xd4, 0x32, 0x1, 0xf9, 0x44, 0x5, 0x80,
    0x2c, 0xf5, 0xaf, 0xa0, 0x76, 0x0, 0xf6, 0x7a,
    0xd7, 0xd0, 0x14, 0x0, 0x70, 0x80, 0x4, 0xc0,
    0x3f, 0x84, 0x33, 0xd2, 0x7e, 0x80, 0x39, 0xc0,
    0x87, 0xfc, 0xb5, 0xf4, 0x1, 0xbe, 0xc2, 0xd0,
    0x3, 0xfd, 0xfe, 0xd6, 0xe0, 0x8, 0xc0, 0xc0,
    0x3, 0x80, 0x4, 0x48, 0x1, 0x8b, 0xd2, 0xa0,
    0x3, 0x0, 0x2d, 0x0, 0x4c, 0x7d, 0xf0,

    /* U+793A "示" */
    0x0, 0x9, 0x17, 0xf8, 0x40, 0x34, 0x6e, 0xff,
    0xac, 0x3, 0x4f, 0xff, 0xfa, 0x80, 0x3f, 0xf8,
    0xe4, 0x5f, 0xfc, 0x20, 0x6, 0xef, 0xff, 0x8,
    0x1, 0xff, 0xe6, 0x5f, 0xff, 0x0, 0x61, 0x10,
    0x7, 0x84, 0x3, 0xeb, 0xa0, 0xf, 0x64, 0x0,
    0x71, 0x2f, 0x80, 0x7a, 0x5c, 0x80, 0x34, 0x1a,
    0x0, 0x79, 0x17, 0x80, 0x26, 0x5f, 0x0, 0xfd,
    0x6, 0x80, 0x73, 0x6, 0x1, 0xf8, 0x93, 0xc0,
    0xe9, 0xc0, 0x4c, 0xca, 0x1, 0xd1, 0x0, 0x2,
    0x80, 0xb, 0x30, 0x3c, 0x1, 0x8c, 0xc0,

    /* U+79BB "离" */
    0x0, 0xf5, 0x90, 0x7, 0xff, 0x6, 0x80, 0x3d,
    0xff, 0xe4, 0x7f, 0xff, 0xba, 0x7e, 0x73, 0xfd,
    0x53, 0xf3, 0xbe, 0x5, 0x0, 0x95, 0x97, 0x8c,
    0x10, 0xc0, 0x1c, 0x26, 0xe4, 0xa8, 0x1, 0xf0,
    0xc7, 0x5c, 0xf6, 0x80, 0x78, 0x79, 0x2f, 0xfd,
    0xad, 0xe2, 0x1, 0x1f, 0xfe, 0x28, 0xff, 0xc8,
    0x9, 0xff, 0xc5, 0x1f, 0xfc, 0x80, 0x3f, 0xed,
    0xb, 0xf9, 0xdf, 0xf1, 0x0, 0x75, 0xaa, 0x0,
    0xc8, 0x7, 0xca, 0xc5, 0x15, 0x68, 0x80, 0xf,
    0x10, 0x21, 0x12, 0xa3, 0xc0, 0x3c, 0xff, 0x95,
    0xc, 0xf6, 0x6, 0x1, 0xff, 0x77, 0x9, 0x40,

    /* U+79EF "积" */
    0x0, 0xe1, 0x20, 0xf, 0xf8, 0xde, 0xfb, 0x80,
    0x45, 0xe1, 0x4, 0xfe, 0xa6, 0xbc, 0x4d, 0xdf,
    0x58, 0x27, 0xed, 0xb2, 0x0, 0x7, 0xff, 0x38,
    0x7, 0xff, 0x19, 0x3f, 0xd2, 0x9f, 0xec, 0x0,
    0xfc, 0x9d, 0xc2, 0x26, 0xf6, 0x0, 0x7f, 0x9,
    0x91, 0x14, 0x40, 0x4, 0x58, 0x40, 0x35, 0x89,
    0xc9, 0x80, 0xee, 0xe6, 0x0, 0x85, 0xd9, 0xef,
    0x53, 0xff, 0xd4, 0x0, 0xb7, 0xe0, 0x58, 0x1,
    0x30, 0x0, 0x88, 0x0, 0x8b, 0x0, 0x13, 0x3,
    0x70, 0x2, 0x2c, 0x0, 0xb4, 0x20, 0x1d, 0x54,
    0x0, 0x5a, 0x98, 0xa, 0x80, 0x72, 0x93, 0x0,
    0x9, 0x64, 0x3, 0xe1, 0xb8, 0x10, 0xa, 0x54,
    0x40, 0x31, 0x0, 0x1d, 0xc0, 0x18, 0xe0, 0x0,

    /* U+7B7E "签" */
    0x0, 0x15, 0x0, 0x75, 0x8, 0x7, 0xd4, 0xc0,
    0x19, 0x90, 0x40, 0x3e, 0x63, 0xff, 0xae, 0xc3,
    0xff, 0xc0, 0x8, 0x3f, 0x1c, 0xf2, 0x1f, 0xe0,
    0xcf, 0xf0, 0x13, 0xf0, 0x34, 0x80, 0x61, 0x8f,
    0x0, 0x8a, 0xcc, 0x26, 0xe9, 0x6, 0x1, 0xf8,
    0x3, 0x20, 0x0, 0xb0, 0x37, 0xf, 0x4c, 0x80,
    0x38, 0xef, 0x2e, 0x80, 0x6e, 0xdb, 0x8a, 0x0,
    0x2d, 0xd6, 0x4c, 0xbf, 0xf4, 0xd5, 0xdb, 0x88,
    0x93, 0xce, 0xdf, 0xeb, 0xff, 0x91, 0x1d, 0x84,
    0x8, 0x1a, 0x40, 0xa, 0x30, 0x2, 0x68, 0x10,
    0x6, 0xbf, 0x0, 0x44, 0x0, 0x11, 0x60, 0x1e,
    0x60, 0x50, 0x65, 0x16, 0x5, 0x0, 0xfb, 0xd4,
    0x1, 0xc1, 0x3e, 0x1, 0xdf, 0xf6, 0xff, 0xee,
    0xc, 0xff, 0x70, 0x3, 0xbb, 0xff, 0x83, 0xe0,

    /* U+7EBF "线" */
    0x0, 0x8d, 0x80, 0x34, 0x39, 0x18, 0x7, 0xa7,
    0x0, 0x30, 0xfb, 0x6c, 0x80, 0x61, 0x59, 0x0,
    0xe1, 0x4f, 0x0, 0xe6, 0x33, 0x0, 0x71, 0x34,
    0x93, 0x0, 0x6, 0x7c, 0x34, 0xef, 0x99, 0x2c,
    0xb1, 0x40, 0x10, 0x83, 0x2, 0x79, 0x6e, 0x9b,
    0x4e, 0x60, 0x2c, 0xba, 0xfe, 0xe, 0xba, 0xe0,
    0x28, 0xe0, 0x37, 0xca, 0xc6, 0x2, 0x98, 0x7d,
    0xca, 0xd0, 0x2, 0x21, 0xe4, 0x13, 0xa9, 0x42,
    0xfb, 0x96, 0x0, 0x2a, 0xa3, 0x4b, 0x77, 0x30,
    0x1c, 0x57, 0xc0, 0x18, 0x13, 0xbc, 0x42, 0x0,
    0x27, 0x3a, 0xa0, 0x2, 0x33, 0xad, 0xc0, 0x32,
    0x4e, 0x42, 0x0, 0x18, 0xc0, 0xe0, 0x80, 0x31,
    0xcb, 0x80, 0x4b, 0x5d, 0x84, 0x0, 0x3d, 0x70,
    0x9, 0xcc, 0x2c, 0xeb, 0xe9, 0xf3, 0xb, 0xd1,
    0x4, 0xb0, 0x7, 0x4a, 0x0, 0x57, 0xd0, 0xe,
    0xeb, 0x3,

    /* U+7ED9 "给" */
    0x0, 0x99, 0x0, 0x3a, 0x84, 0x3, 0xe8, 0x20,
    0xc, 0xca, 0x80, 0x1e, 0x51, 0x60, 0xd, 0x67,
    0x60, 0x1e, 0xe7, 0x0, 0xcc, 0x18, 0xb2, 0x1,
    0x8d, 0x64, 0xb8, 0x4e, 0x78, 0x29, 0x94, 0x2,
    0xf6, 0x38, 0x43, 0xd5, 0x21, 0x8, 0xa6, 0x4,
    0x37, 0xd5, 0x8c, 0x55, 0x77, 0x51, 0x10, 0xa6,
    0x70, 0xc9, 0x65, 0xff, 0xf3, 0xf0, 0x81, 0xda,
    0x30, 0x10, 0x8f, 0x80, 0x33, 0xa9, 0x4e, 0x6,
    0x77, 0x75, 0x80, 0xa, 0x4, 0xfb, 0xc0, 0x15,
    0xff, 0x40, 0x4, 0x59, 0xd6, 0xe6, 0x1, 0xff,
    0x18, 0x0, 0xdc, 0x40, 0x3f, 0x86, 0x33, 0xf3,
    0x0, 0x3, 0x11, 0xbc, 0x2, 0x33, 0x5e, 0x7d,
    0x88, 0x4f, 0x74, 0xe0, 0x11, 0x5b, 0x98, 0x4,
    0xd7, 0xff, 0x49, 0x0, 0x0,

    /* U+7EDC "络" */
    0x0, 0xff, 0xe3, 0xaa, 0x0, 0x45, 0xa2, 0x1,
    0xfa, 0x30, 0x2, 0xb1, 0x1, 0x18, 0x3, 0x21,
    0x48, 0x0, 0x98, 0xfb, 0xb4, 0x0, 0x5e, 0xe2,
    0x0, 0xf0, 0xef, 0xf6, 0xc, 0x80, 0x11, 0x60,
    0xfb, 0x5, 0xe8, 0x7, 0xa0, 0x40, 0xa9, 0x1f,
    0x9a, 0xb6, 0x6, 0xfd, 0x58, 0x0, 0x26, 0x34,
    0x30, 0xc2, 0x4, 0x81, 0x60, 0x11, 0xec, 0x1f,
    0x1, 0x3f, 0x26, 0x46, 0xda, 0x80, 0x7, 0x61,
    0x99, 0xd7, 0x6c, 0x36, 0xfc, 0x83, 0x1c, 0x19,
    0x97, 0x62, 0x57, 0xfd, 0xd1, 0x26, 0x0, 0x8d,
    0xd4, 0x0, 0x1b, 0xbb, 0x8, 0x0, 0x75, 0xc8,
    0x3, 0x84, 0x71, 0x80, 0x71, 0x47, 0x10, 0x7,
    0xf0, 0xbe, 0x6b, 0x30, 0xc0, 0x3c, 0x60, 0x2,
    0x95, 0xce, 0x81, 0x6, 0xff, 0xc2, 0x0, 0x3e,
    0x93, 0x0, 0xba, 0x3f, 0xf2, 0xb8, 0x0,

    /* U+7EF4 "维" */
    0x0, 0x9d, 0x0, 0x25, 0x72, 0x80, 0xf, 0xa4,
    0x3, 0x48, 0x13, 0x20, 0x7, 0x29, 0x20, 0x0,
    0x8d, 0x82, 0x48, 0x3, 0xa6, 0x40, 0xa1, 0x61,
    0xdf, 0x13, 0xfe, 0x0, 0x20, 0xa9, 0xd9, 0xb3,
    0x3b, 0x85, 0x5d, 0xc0, 0x4, 0x59, 0x44, 0xc8,
    0x0, 0x22, 0x1, 0x18, 0x10, 0xe7, 0x55, 0x64,
    0x1, 0x10, 0x8, 0x80, 0x9, 0x16, 0x50, 0x56,
    0x6d, 0xdc, 0x2a, 0xea, 0x0, 0x39, 0xbb, 0x2,
    0x3, 0x7f, 0x8a, 0xfe, 0x80, 0xb, 0x1b, 0x12,
    0x1, 0x8, 0x80, 0x44, 0x0, 0x2a, 0x2d, 0xea,
    0x0, 0x37, 0x70, 0xab, 0xac, 0xb, 0x75, 0x4c,
    0x60, 0x6, 0xff, 0x15, 0xfd, 0x80, 0x8, 0x0,
    0x2a, 0x20, 0x1f, 0xe2, 0x7b, 0xea, 0x30, 0x0,
    0x88, 0x4, 0x60, 0x3d, 0xb3, 0xbf, 0x20, 0x6e,
    0xe1, 0x57, 0x71, 0xf, 0xf2, 0x10, 0x2, 0x6f,
    0xff, 0x20,

    /* U+7F13 "缓" */
    0x0, 0x9d, 0x40, 0x21, 0x23, 0x57, 0x93, 0x0,
    0xd2, 0x61, 0xbd, 0xff, 0xdc, 0x20, 0x12, 0x83,
    0x6, 0x37, 0x4b, 0x54, 0x53, 0x80, 0x52, 0xc0,
    0x1, 0x61, 0x67, 0x5, 0x35, 0x0, 0x19, 0x41,
    0x60, 0x39, 0x11, 0xc2, 0x20, 0x1, 0x7c, 0x8c,
    0x2e, 0x36, 0x7a, 0xf9, 0x4f, 0x82, 0x9d, 0x7a,
    0x4e, 0x78, 0xdf, 0xff, 0x2, 0xff, 0x83, 0x5b,
    0xfc, 0x37, 0xff, 0xc6, 0x3, 0xf6, 0x69, 0xf8,
    0x1f, 0xfe, 0x31, 0xd2, 0x8f, 0x90, 0x50, 0xee,
    0xe0, 0x1, 0x83, 0xcf, 0xd8, 0x68, 0x57, 0x72,
    0x54, 0x0, 0x59, 0x8, 0x6, 0x29, 0x12, 0x22,
    0x9f, 0x0, 0xc9, 0x3d, 0xf0, 0xae, 0xb9, 0xae,
    0x80, 0x4, 0xeb, 0x3a, 0x86, 0x90, 0xc2, 0x3e,
    0x0, 0x9a, 0x7a, 0x9e, 0xe5, 0x6e, 0xd1, 0x32,
    0xea, 0x32, 0x71, 0x3, 0x96, 0xec, 0xe7, 0x6e,
    0x81, 0x20,

    /* U+7F16 "编" */
    0x0, 0xa1, 0x0, 0x31, 0x60, 0x7, 0x85, 0xdc,
    0x1, 0x88, 0x58, 0x3, 0x9c, 0x8c, 0x17, 0xfe,
    0x29, 0xff, 0x58, 0x2, 0xac, 0x40, 0x9, 0xff,
    0xd2, 0x0, 0x31, 0x69, 0x90, 0x7, 0xfb, 0xe9,
    0x1a, 0xcd, 0x3f, 0xfa, 0x40, 0xc3, 0x6e, 0x48,
    0x13, 0xff, 0xd6, 0x79, 0xe4, 0xe0, 0x4, 0xff,
    0xf6, 0x80, 0xdf, 0x8, 0xb8, 0x57, 0xcf, 0xd3,
    0xc0, 0x16, 0x1d, 0xc7, 0x12, 0x0, 0xf8, 0x94,
    0xd7, 0x18, 0x9c, 0x3, 0xe2, 0xcd, 0x83, 0x15,
    0x35, 0xf3, 0xf4, 0xf0, 0x1, 0xa4, 0xf3, 0xe,
    0xaf, 0x9f, 0xa7, 0x81, 0xf4, 0xf7, 0x89, 0x88,
    0x7, 0xc5, 0x5a, 0xe3, 0x54, 0x0, 0xf0, 0x80,
    0xa0, 0x5, 0x4e, 0xde, 0x18, 0x17, 0x4a,

    /* U+7F51 "网" */
    0x9f, 0xff, 0xfe, 0x5, 0x2, 0xee, 0xff, 0x94,
    0x0, 0x64, 0x53, 0xb1, 0x15, 0x44, 0x40, 0x8,
    0xc0, 0x12, 0x24, 0x6, 0xc0, 0x1d, 0x30, 0x6,
    0xda, 0x4a, 0x80, 0x1d, 0x6c, 0xc1, 0x38, 0xff,
    0x68, 0x7, 0xd, 0xca, 0x3, 0x8b, 0x18, 0x7,
    0x94, 0xc0, 0x2f, 0x7, 0x0, 0xf0, 0x9a, 0x90,
    0x20, 0x40, 0x7, 0xa5, 0x22, 0x42, 0x69, 0xc,
    0x3, 0xb, 0x43, 0x93, 0x9a, 0xbd, 0x0, 0x47,
    0x48, 0x61, 0x71, 0x21, 0x30, 0x1, 0xd6, 0x0,
    0x56, 0x40, 0x11, 0x0, 0x47, 0x62, 0x0, 0x79,
    0x0, 0x11, 0x46, 0x1, 0xfc, 0x5b, 0xa7, 0xd9,
    0x90, 0x7, 0xc5, 0xfe, 0xd4,

    /* U+7F6E "置" */
    0x2, 0xfe, 0xde, 0xfd, 0xd7, 0xf6, 0xeb, 0xd0,
    0x3, 0x76, 0xc2, 0xee, 0x96, 0x37, 0x44, 0x1,
    0xdd, 0xb0, 0xbb, 0xa5, 0x8d, 0xd1, 0x0, 0x45,
    0xfd, 0xbd, 0xe3, 0x7f, 0xdb, 0xaf, 0x40, 0x6,
    0xf7, 0x71, 0xcf, 0x77, 0x58, 0x3, 0x7b, 0xb7,
    0x87, 0xf7, 0x75, 0x80, 0x6c, 0xcc, 0x19, 0x9a,
    0xc0, 0x3c, 0x7d, 0x9b, 0xf9, 0x94, 0x28, 0x7,
    0xdd, 0x77, 0xe8, 0x0, 0xfd, 0xd7, 0x7e, 0x80,
    0xf, 0xdd, 0x77, 0xe8, 0x0, 0xff, 0xe6, 0x75,
    0xdf, 0xa0, 0x3, 0xf, 0x70, 0x33, 0xbb, 0xd4,
    0x3d, 0xc1,

    /* U+8001 "老" */
    0x0, 0xf4, 0x30, 0x7, 0xff, 0x8, 0xf8, 0x3,
    0xd, 0x90, 0x4, 0x23, 0x80, 0x47, 0x5, 0xb1,
    0x0, 0x5b, 0xdd, 0x23, 0x77, 0x5a, 0xbe, 0x1,
    0xb3, 0xfe, 0x47, 0xff, 0x41, 0xe1, 0x0, 0x7f,
    0xd3, 0x2c, 0x30, 0x8, 0xbf, 0xf9, 0x1f, 0xd8,
    0x77, 0xfe, 0x22, 0x6e, 0xf3, 0x3, 0x6e, 0xf8,
    0x80, 0x8a, 0x1e, 0x7b, 0x92, 0x28, 0xc8, 0x80,
    0x11, 0xd6, 0x1d, 0xa0, 0x14, 0x76, 0x80, 0x45,
    0x98, 0xd, 0x2d, 0x9d, 0xc1, 0xdc, 0x0, 0x8a,
    0xf6, 0x88, 0x14, 0x7b, 0x92, 0x60, 0x20, 0x13,
    0x90, 0x5, 0x10, 0x30, 0xd, 0x10, 0x0, 0xfb,
    0x40, 0x38, 0x53, 0x80, 0x3d, 0x4f, 0xff, 0xdc,
    0xe, 0x1, 0xe7, 0xfe, 0xee, 0xfd, 0x10,

    /* U+8054 "联" */
    0x1, 0x1e, 0x0, 0x28, 0x4, 0x2a, 0x0, 0x3e,
    0xee, 0xc0, 0x87, 0x0, 0x4c, 0x0, 0xe, 0x53,
    0xfc, 0x18, 0x13, 0x2, 0x26, 0x90, 0xf, 0xe1,
    0x56, 0x39, 0x25, 0x10, 0xf, 0xd5, 0xcd, 0xae,
    0x7d, 0x60, 0x12, 0x7f, 0x80, 0x17, 0xfe, 0x2a,
    0xff, 0x50, 0x4, 0x9f, 0xe0, 0xf, 0xfe, 0x8a,
    0x7f, 0x80, 0xff, 0xe2, 0xaf, 0xf9, 0x0, 0x9,
    0xfe, 0x2, 0xee, 0x60, 0x3f, 0x74, 0x80, 0x1e,
    0x11, 0x9c, 0x14, 0x46, 0x0, 0x9d, 0x1c, 0x35,
    0x43, 0xd4, 0xd0, 0x2, 0x49, 0x39, 0xd0, 0x85,
    0x44, 0x4d, 0xc8, 0x80, 0x13, 0x3f, 0x68, 0x14,
    0xa9, 0xcd, 0x47, 0x40, 0x23, 0x0, 0xc9, 0x8b,
    0x0, 0xd, 0x1e, 0x20, 0xe, 0x40, 0x7b, 0x0,
    0x87, 0x64, 0x80,

    /* U+8BA4 "认" */
    0x0, 0x8, 0x80, 0x3d, 0x62, 0x1, 0xe6, 0xf2,
    0x0, 0xc2, 0x86, 0x1, 0xe7, 0x4f, 0x10, 0xe,
    0x30, 0xf, 0xa9, 0x88, 0x3, 0xff, 0x85, 0x66,
    0x1, 0xc2, 0x1, 0xc4, 0x50, 0x80, 0x62, 0x0,
    0xf1, 0xee, 0xd0, 0x1, 0x9c, 0x8, 0x3, 0x1f,
    0xf9, 0xc0, 0x38, 0x81, 0xc0, 0x3f, 0xf8, 0x3c,
    0x18, 0x1, 0xff, 0xc1, 0x33, 0x20, 0x7, 0xff,
    0x5, 0x20, 0xcc, 0x1, 0xf8, 0x58, 0x18, 0x51,
    0xe0, 0x3, 0xc2, 0xbf, 0xe0, 0xb6, 0xb, 0x43,
    0x0, 0xe4, 0x3b, 0x98, 0x38, 0x2, 0x7d, 0x20,
    0x8, 0xc3, 0x56, 0x1e, 0x80, 0x28, 0x2c, 0x20,
    0x1, 0xe9, 0x7, 0xda, 0x0, 0x6c, 0x73,

    /* U+8BBE "设" */
    0x0, 0x10, 0x7, 0x8, 0xf0, 0x7, 0x75, 0x80,
    0x45, 0xdd, 0xc0, 0x1d, 0x8f, 0x60, 0x1b, 0xfd,
    0xa0, 0x1f, 0x66, 0x0, 0x2, 0x20, 0xf, 0xf9,
    0xc0, 0x8, 0xa0, 0x1f, 0x88, 0xa0, 0x1, 0x47,
    0x0, 0x8, 0x7f, 0xc4, 0x9b, 0xb0, 0xa6, 0xb2,
    0x80, 0x5d, 0xfe, 0x24, 0xff, 0x0, 0x12, 0x60,
    0x47, 0xc0, 0x1f, 0xaf, 0xbb, 0xe3, 0x0, 0xfb,
    0x7, 0x3f, 0xe9, 0x33, 0x0, 0x7c, 0x33, 0xe0,
    0x1, 0x89, 0x0, 0xf8, 0x81, 0xc6, 0x43, 0x51,
    0x40, 0x30, 0x83, 0x69, 0x6, 0x3f, 0x5, 0x0,
    0x71, 0x4, 0xd9, 0x3, 0x80, 0x89, 0x0, 0x3a,
    0x4f, 0xda, 0x7a, 0xed, 0xeb, 0x7b, 0x2, 0x0,
    0x8c, 0x10, 0x3b, 0xd5, 0x8, 0xea, 0x31,

    /* U+8BD5 "试" */
    0x0, 0x18, 0x7, 0xc5, 0x42, 0x80, 0x1b, 0xa8,
    0x3, 0xc2, 0xa5, 0x44, 0x1, 0x63, 0xc8, 0x7,
    0xc7, 0x3c, 0x1, 0xf, 0x80, 0x91, 0x67, 0x2,
    0x5a, 0x0, 0xc5, 0x2d, 0xbb, 0xac, 0x37, 0x52,
    0xa0, 0x45, 0x3, 0xff, 0xee, 0xe, 0xff, 0x29,
    0xee, 0xc4, 0x1, 0xc2, 0x6, 0x1, 0x1f, 0xf8,
    0x2, 0x11, 0xc0, 0x1, 0x0, 0xfe, 0xee, 0xca,
    0x2e, 0x1, 0xfd, 0xf6, 0x5e, 0xa4, 0x40, 0xf,
    0xfe, 0x13, 0x78, 0x7, 0xff, 0xb, 0x48, 0x4,
    0x3, 0x9a, 0xc4, 0x0, 0xd0, 0x68, 0x10, 0xa0,
    0x2, 0xb, 0x2b, 0xa2, 0xdd, 0x20, 0x32, 0xb0,
    0x2, 0xcb, 0x24, 0xef, 0xed, 0x41, 0xe4, 0x8c,
    0x1, 0x1a, 0x61, 0x2a, 0x1, 0xa2, 0x14, 0x0,

    /* U+8BF7 "请" */
    0x0, 0xfe, 0x1a, 0x0, 0xf0, 0xe9, 0x0, 0x71,
    0xa8, 0x7, 0x85, 0x30, 0x43, 0x7b, 0x9a, 0x1d,
    0xd6, 0x0, 0x52, 0x96, 0x1b, 0xdc, 0xd0, 0xee,
    0xb0, 0x3, 0x55, 0x83, 0xf7, 0x30, 0x3b, 0xa5,
    0x0, 0x11, 0x42, 0xf, 0xdc, 0xc0, 0xee, 0x94,
    0x17, 0x76, 0x35, 0xee, 0xb0, 0x7b, 0xb2, 0xab,
    0xfc, 0x20, 0xbd, 0xdf, 0xca, 0x1, 0xe3, 0xfe,
    0xed, 0xfe, 0x10, 0xf, 0xc3, 0xdd, 0xc0, 0x1f,
    0xe1, 0xdd, 0xd8, 0x1, 0xf9, 0x0, 0x77, 0x76,
    0x0, 0x78, 0x62, 0x98, 0x77, 0x77, 0x80, 0x71,
    0x3, 0x63, 0xe, 0xee, 0xf0, 0xe, 0xa3, 0xc2,
    0x0, 0xf1, 0x80, 0x74, 0xe0, 0x80, 0x7b, 0xf5,
    0x4, 0x2, 0x10, 0x8, 0xf8, 0x2, 0xff, 0x58,
    0x0,

    /* U+8D25 "败" */
    0x0, 0xfe, 0x27, 0x0, 0xf4, 0xff, 0xf0, 0x82,
    0x60, 0x7, 0xd1, 0xdd, 0x8, 0x3, 0x70, 0x3,
    0xe1, 0x2b, 0x10, 0x9, 0x23, 0xff, 0x10, 0x4,
    0xec, 0x1, 0x29, 0x77, 0x30, 0x38, 0x80, 0x3f,
    0x42, 0x88, 0x9c, 0x84, 0x3, 0xf3, 0x11, 0x80,
    0x9, 0xc0, 0x3f, 0x85, 0x90, 0x1, 0xfa, 0x1,
    0xfc, 0xf2, 0x8a, 0xe, 0x80, 0x1c, 0x2e, 0x1,
    0xba, 0xc, 0xe0, 0xe, 0xd3, 0x0, 0xca, 0x1d,
    0x40, 0x1a, 0xdd, 0x34, 0x70, 0x40, 0x16, 0x4a,
    0x1, 0x88, 0xa6, 0xf3, 0x0, 0xa8, 0x24, 0x3,
    0xf, 0xc9, 0xb5, 0x0, 0x28, 0x39, 0xa4, 0x0,
    0x38, 0xce, 0x10, 0xcc, 0xc7, 0xd1, 0xf4, 0xd2,
    0x15, 0xa0, 0xb, 0x1d, 0x34, 0x40, 0xb5, 0x48,

    /* U+8DB3 "足" */
    0x0, 0x27, 0xff, 0xfa, 0x80, 0x38, 0x77, 0x7f,
    0x28, 0x7, 0x8c, 0x8b, 0xf1, 0x80, 0x7f, 0xf2,
    0x8c, 0x47, 0xf1, 0x80, 0x78, 0x7b, 0xbf, 0x28,
    0x7, 0x27, 0xfe, 0x74, 0xff, 0xd4, 0x1, 0xc8,
    0xc0, 0x1f, 0xfc, 0x2d, 0xd0, 0x6, 0x11, 0xe0,
    0xe, 0x53, 0x0, 0x93, 0xbb, 0x84, 0x2, 0x13,
    0x61, 0x0, 0x27, 0xff, 0x8, 0x5, 0x26, 0x94,
    0x20, 0x1f, 0xe3, 0x7f, 0xa1, 0xe5, 0x72, 0x10,
    0xe, 0x1c, 0x83, 0xa, 0xb7, 0x2d, 0xef, 0xfc,
    0x63, 0x8e, 0x1, 0x25, 0x77, 0x5b, 0xb8, 0xc0,

    /* U+8EAB "身" */
    0x0, 0xfa, 0x98, 0x3, 0xff, 0x82, 0x4a, 0xa0,
    0xf, 0xf4, 0xff, 0xb4, 0x33, 0xfe, 0x60, 0xf,
    0x9f, 0xff, 0xc6, 0x1, 0xf9, 0xfb, 0xbc, 0x60,
    0x1f, 0x9f, 0xbb, 0xc6, 0x1, 0xff, 0xc5, 0x6a,
    0x0, 0xe7, 0xee, 0xf1, 0xf4, 0xf8, 0x7, 0x3f,
    0x77, 0x8d, 0xd9, 0x40, 0x31, 0x88, 0x7, 0x8,
    0x8a, 0x40, 0x2c, 0xf5, 0x6f, 0xfe, 0xe2, 0xb0,
    0xd, 0x9f, 0xfe, 0xa1, 0x53, 0x0, 0xff, 0x16,
    0x54, 0x50, 0x7, 0xf1, 0x4e, 0xb7, 0x30, 0x7,
    0xc2, 0xfb, 0x81, 0x94, 0x45, 0x9, 0x80, 0x43,
    0xf9, 0x1d, 0x26, 0x1f, 0xba, 0x14, 0x0, 0x87,
    0xad, 0x40, 0x36, 0x7f, 0xb0, 0x40, 0x20,

    /* U+8FDB "进" */
    0x1, 0x30, 0xc, 0x4e, 0x0, 0x46, 0x0, 0xc9,
    0x88, 0x1, 0x35, 0x0, 0xf, 0x40, 0x32, 0xd5,
    0x98, 0x7, 0xff, 0x5, 0x60, 0x27, 0xec, 0xbf,
    0xd0, 0x9f, 0x80, 0x19, 0xce, 0x36, 0x47, 0x74,
    0xc7, 0xba, 0x0, 0xf0, 0x91, 0xc, 0x89, 0xce,
    0x42, 0x7, 0xff, 0x10, 0x0, 0x40, 0x3f, 0x1f,
    0x70, 0x0, 0x24, 0x60, 0x44, 0xf7, 0x22, 0x0,
    0x4, 0x40, 0xb, 0xd9, 0x2d, 0xd3, 0x9e, 0xe8,
    0x40, 0x3a, 0xbd, 0x5f, 0xfd, 0x9, 0xfe, 0x10,
    0xf, 0xa, 0xd8, 0x7, 0xff, 0x6, 0x8c, 0xc0,
    0x1f, 0xce, 0x14, 0x4d, 0xc0, 0x1f, 0xd5, 0x52,
    0x75, 0x80, 0x67, 0xa2, 0x31, 0x24, 0xf5, 0xca,
    0xa6, 0xff, 0xee, 0xdc, 0x32, 0xf2, 0x0, 0x36,
    0x7f, 0xbb, 0xaf, 0xf8, 0x80,

    /* U+8FDE "连" */
    0x2, 0x40, 0xe, 0x84, 0x0, 0xf9, 0xac, 0xc0,
    0x33, 0x80, 0x7e, 0x47, 0xe0, 0xdf, 0xf0, 0x5f,
    0xfe, 0xc0, 0xa, 0x5, 0x37, 0xcd, 0xfb, 0xaf,
    0xf6, 0x0, 0x6c, 0x40, 0x33, 0x48, 0xf1, 0x80,
    0x7f, 0xa1, 0x84, 0x3, 0xe4, 0xff, 0x81, 0x10,
    0xdf, 0xe0, 0xdf, 0xf2, 0x2, 0x75, 0x80, 0x12,
    0xf7, 0xb4, 0x2f, 0xb8, 0x80, 0x1, 0x60, 0x9,
    0x8, 0x48, 0x18, 0x44, 0x1, 0xf0, 0x8e, 0x20,
    0x61, 0x18, 0x3, 0xdd, 0xdb, 0x42, 0xfb, 0xa0,
    0xf, 0x7f, 0xf0, 0x6f, 0xfc, 0x1, 0x28, 0x10,
    0x7, 0xff, 0x2, 0xea, 0x32, 0x50, 0x40, 0xa,
    0x2, 0x46, 0x48, 0x8f, 0x7f, 0x1a, 0xef, 0xf2,
    0xef, 0x6e, 0x3a, 0x61, 0x0, 0xc7, 0x73, 0x73,
    0x1b, 0xae, 0xe2, 0x80,

    /* U+91CD "重" */
    0x0, 0xe1, 0x23, 0x45, 0x79, 0xb2, 0x0, 0xd7,
    0xfe, 0xed, 0xc9, 0xff, 0xc6, 0x1, 0xaf, 0xff,
    0x2a, 0xaa, 0x19, 0x4, 0x0, 0x3f, 0xfe, 0x57,
    0xff, 0xf0, 0x8b, 0xff, 0xca, 0xff, 0xfe, 0x10,
    0x3, 0x6e, 0xe5, 0x6d, 0xdc, 0xe0, 0x18, 0x5b,
    0x76, 0x56, 0xdd, 0x9f, 0xc0, 0x39, 0x33, 0x24,
    0x6c, 0xc9, 0x0, 0x3c, 0x99, 0x92, 0x36, 0x64,
    0x80, 0x1f, 0xfc, 0x91, 0x5e, 0xe9, 0x5f, 0xba,
    0x40, 0xe, 0x6e, 0xec, 0xaf, 0xdd, 0xa0, 0x3,
    0x7f, 0xf2, 0xbf, 0xff, 0x10, 0x5, 0xff, 0xca,
    0xff, 0xfc, 0x40, 0x5f, 0xfe, 0x57, 0xff, 0xf1,
    0x0,

    /* U+9875 "页" */
    0xd, 0xff, 0xff, 0xe0, 0x86, 0x77, 0x6d, 0x9,
    0xee, 0xf0, 0x8, 0xf3, 0x93, 0x8, 0xf8, 0x0,
    0x9f, 0xf5, 0x17, 0xff, 0x30, 0x7, 0x77, 0x7e,
    0x20, 0xf, 0x8, 0xcd, 0x22, 0x30, 0x7, 0xfb,
    0x88, 0x3, 0xff, 0xbe, 0x44, 0x0, 0xff, 0xe0,
    0x12, 0x62, 0x0, 0x7c, 0x9a, 0x3, 0xe6, 0xb3,
    0xab, 0x8c, 0x1, 0x8d, 0xf8, 0x74, 0x76, 0xa9,
    0xa4, 0x0, 0x7b, 0xea, 0x9c, 0x10, 0x3, 0xf3,
    0x6b, 0x87, 0x9e, 0x6b, 0x0, 0x70, 0xd5, 0x4,

    /* U+9986 "馆" */
    0x0, 0x3a, 0x0, 0x7a, 0xcc, 0x3, 0xd4, 0x20,
    0x1e, 0x1a, 0x0, 0xf1, 0x30, 0x89, 0xbf, 0xe5,
    0x6f, 0xf8, 0x0, 0x61, 0x9d, 0xcf, 0x4e, 0xee,
    0xc0, 0x9, 0x17, 0xf0, 0x7d, 0xcc, 0xf9, 0xc0,
    0x2b, 0xc0, 0xb7, 0x64, 0xdd, 0xef, 0xf0, 0x21,
    0xac, 0xfd, 0x80, 0x17, 0xfe, 0xa0, 0x9, 0x28,
    0x19, 0xc8, 0x3, 0xfe, 0x50, 0xf, 0x2f, 0xfd,
    0x40, 0x1f, 0xf2, 0xff, 0xeb, 0x0, 0xff, 0x2f,
    0xff, 0x40, 0x7, 0x98, 0x0, 0xbf, 0xf9, 0x40,
    0x3d, 0x50, 0x1, 0xff, 0xc0, 0x50, 0x7f, 0x0,
    0xff, 0xe0, 0x5a, 0x68, 0x80, 0x17, 0xff, 0x28,
    0x6, 0x8b, 0x0, 0xb9, 0xff, 0xf4, 0x68, 0x0,

    /* U+FF08 "（" */
    0x0, 0x84, 0x2, 0x5f, 0x0, 0x15, 0x50, 0x1,
    0xc, 0x80, 0x4b, 0x0, 0x5, 0x31, 0x0, 0x65,
    0x80, 0x4e, 0x40, 0x10, 0x88, 0x2, 0x12, 0x0,
    0x9b, 0x80, 0x2c, 0x50, 0x9, 0xc8, 0xc0, 0x2,
    0xf0, 0x1, 0x42, 0xb0, 0x5, 0x94, 0x0,

    /* U+FF09 "）" */
    0x1, 0x0, 0xde, 0x80, 0x15, 0x58, 0x80, 0x11,
    0x6c, 0x2, 0xb5, 0x10, 0x0, 0x9b, 0x80, 0x49,
    0x80, 0x17, 0x30, 0x4, 0x62, 0x1, 0x18, 0x80,
    0x5c, 0xc0, 0x12, 0xf8, 0x0, 0xc9, 0x0, 0x1e,
    0xe2, 0xe, 0x30, 0x0, 0xbf, 0x0, 0x0
};


/*---------------------
 *  GLYPH DESCRIPTION
 *--------------------*/

static const lv_font_fmt_txt_glyph_dsc_t glyph_dsc[] = {
    {.bitmap_index = 0, .adv_w = 0, .box_w = 0, .box_h = 0, .ofs_x = 0, .ofs_y = 0} /* id = 0 reserved */,
    {.bitmap_index = 0, .adv_w = 57, .box_w = 0, .box_h = 0, .ofs_x = 0, .ofs_y = 0},
    {.bitmap_index = 0, .adv_w = 83, .box_w = 3, .box_h = 13, .ofs_x = 1, .ofs_y = 0},
    {.bitmap_index = 17, .adv_w = 121, .box_w = 6, .box_h = 5, .ofs_x = 1, .ofs_y = 8},
    {.bitmap_index = 33, .adv_w = 142, .box_w = 9, .box_h = 12, .ofs_x = 0, .ofs_y = 0},
    {.bitmap_index = 88, .adv_w = 142, .box_w = 8, .box_h = 16, .ofs_x = 0, .ofs_y = -2},
    {.bitmap_index = 141, .adv_w = 236, .box_w = 15, .box_h = 12, .ofs_x = 0, .ofs_y = 0},
    {.bitmap_index = 222, .adv_w = 174, .box_w = 11, .box_h = 12, .ofs_x = 0, .ofs_y = 0},
    {.bitmap_index = 282, .adv_w = 71, .box_w = 2, .box_h = 5, .ofs_x = 1, .ofs_y = 8},
    {.bitmap_index = 288, .adv_w = 87, .box_w = 4, .box_h = 17, .ofs_x = 1, .ofs_y = -4},
    {.bitmap_index = 324, .adv_w = 87, .box_w = 4, .box_h = 17, .ofs_x = 0, .ofs_y = -4},
    {.bitmap_index = 359, .adv_w = 120, .box_w = 6, .box_h = 6, .ofs_x = 1, .ofs_y = 7},
    {.bitmap_index = 378, .adv_w = 142, .box_w = 9, .box_h = 9, .ofs_x = 0, .ofs_y = 1},
    {.bitmap_index = 404, .adv_w = 71, .box_w = 4, .box_h = 7, .ofs_x = 0, .ofs_y = -4},
    {.bitmap_index = 418, .adv_w = 89, .box_w = 5, .box_h = 2, .ofs_x = 0, .ofs_y = 3},
    {.bitmap_index = 423, .adv_w = 71, .box_w = 3, .box_h = 3, .ofs_x = 1, .ofs_y = 0},
    {.bitmap_index = 428, .adv_w = 100, .box_w = 7, .box_h = 16, .ofs_x = 0, .ofs_y = -3},
    {.bitmap_index = 471, .adv_w = 142, .box_w = 9, .box_h = 12, .ofs_x = 0, .ofs_y = 0},
    {.bitmap_index = 520, .adv_w = 142, .box_w = 7, .box_h = 12, .ofs_x = 1, .ofs_y = 0},
    {.bitmap_index = 538, .adv_w = 142, .box_w = 9, .box_h = 12, .ofs_x = 0, .ofs_y = 0},
    {.bitmap_index = 585, .adv_w = 142, .box_w = 8, .box_h = 12, .ofs_x = 0, .ofs_y = 0},
    {.bitmap_index = 631, .adv_w = 142, .box_w = 9, .box_h = 12, .ofs_x = 0, .ofs_y = 0},
    {.bitmap_index = 669, .adv_w = 142, .box_w = 9, .box_h = 12, .ofs_x = 0, .ofs_y = 0},
    {.bitmap_index = 717, .adv_w = 142, .box_w = 9, .box_h = 12, .ofs_x = 0, .ofs_y = 0},
    {.bitmap_index = 768, .adv_w = 142, .box_w = 9, .box_h = 12, .ofs_x = 0, .ofs_y = 0},
    {.bitmap_index = 806, .adv_w = 142, .box_w = 9, .box_h = 12, .ofs_x = 0, .ofs_y = 0},
    {.bitmap_index = 861, .adv_w = 142, .box_w = 9, .box_h = 12, .ofs_x = 0, .ofs_y = 0},
    {.bitmap_index = 913, .adv_w = 71, .box_w = 3, .box_h = 9, .ofs_x = 1, .ofs_y = 0},
    {.bitmap_index = 925, .adv_w = 71, .box_w = 4, .box_h = 13, .ofs_x = 0, .ofs_y = -4},
    {.bitmap_index = 949, .adv_w = 142, .box_w = 9, .box_h = 8, .ofs_x = 0, .ofs_y = 2},
    {.bitmap_index = 980, .adv_w = 142, .box_w = 9, .box_h = 6, .ofs_x = 0, .ofs_y = 3},
    {.bitmap_index = 996, .adv_w = 142, .box_w = 9, .box_h = 8, .ofs_x = 0, .ofs_y = 2},
    {.bitmap_index = 1028, .adv_w = 121, .box_w = 7, .box_h = 13, .ofs_x = 0, .ofs_y = 0},
    {.bitmap_index = 1068, .adv_w = 242, .box_w = 15, .box_h = 15, .ofs_x = 0, .ofs_y = -3},
    {.bitmap_index = 1173, .adv_w = 156, .box_w = 10, .box_h = 12, .ofs_x = 0, .ofs_y = 0},
    {.bitmap_index = 1225, .adv_w = 168, .box_w = 9, .box_h = 12, .ofs_x = 1, .ofs_y = 0},
    {.bitmap_index = 1272, .adv_w = 163, .box_w = 10, .box_h = 12, .ofs_x = 0, .ofs_y = 0},
    {.bitmap_index = 1321, .adv_w = 176, .box_w = 10, .box_h = 12, .ofs_x = 1, .ofs_y = 0},
    {.bitmap_index = 1364, .adv_w = 151, .box_w = 8, .box_h = 12, .ofs_x = 1, .ofs_y = 0},
    {.bitmap_index = 1395, .adv_w = 141, .box_w = 8, .box_h = 12, .ofs_x = 1, .ofs_y = 0},
    {.bitmap_index = 1421, .adv_w = 176, .box_w = 10, .box_h = 12, .ofs_x = 0, .ofs_y = 0},
    {.bitmap_index = 1473, .adv_w = 186, .box_w = 10, .box_h = 12, .ofs_x = 1, .ofs_y = 0},
    {.bitmap_index = 1493, .adv_w = 75, .box_w = 3, .box_h = 12, .ofs_x = 1, .ofs_y = 0},
    {.bitmap_index = 1498, .adv_w = 137, .box_w = 8, .box_h = 12, .ofs_x = 0, .ofs_y = 0},
    {.bitmap_index = 1517, .adv_w = 165, .box_w = 10, .box_h = 12, .ofs_x = 1, .ofs_y = 0},
    {.bitmap_index = 1562, .adv_w = 139, .box_w = 8, .box_h = 12, .ofs_x = 1, .ofs_y = 0},
    {.bitmap_index = 1574, .adv_w = 208, .box_w = 11, .box_h = 12, .ofs_x = 1, .ofs_y = 0},
    {.bitmap_index = 1627, .adv_w = 185, .box_w = 9, .box_h = 12, .ofs_x = 1, .ofs_y = 0},
    {.bitmap_index = 1666, .adv_w = 190, .box_w = 11, .box_h = 12, .ofs_x = 0, .ofs_y = 0},
    {.bitmap_index = 1725, .adv_w = 162, .box_w = 9, .box_h = 12, .ofs_x = 1, .ofs_y = 0},
    {.bitmap_index = 1762, .adv_w = 190, .box_w = 12, .box_h = 15, .ofs_x = 0, .ofs_y = -3},
    {.bitmap_index = 1838, .adv_w = 163, .box_w = 9, .box_h = 12, .ofs_x = 1, .ofs_y = 0},
    {.bitmap_index = 1883, .adv_w = 153, .box_w = 9, .box_h = 12, .ofs_x = 0, .ofs_y = 0},
    {.bitmap_index = 1933, .adv_w = 153, .box_w = 10, .box_h = 12, .ofs_x = 0, .ofs_y = 0},
    {.bitmap_index = 1951, .adv_w = 185, .box_w = 9, .box_h = 12, .ofs_x = 1, .ofs_y = 0},
    {.bitmap_index = 1980, .adv_w = 147, .box_w = 10, .box_h = 12, .ofs_x = 0, .ofs_y = 0},
    {.bitmap_index = 2032, .adv_w = 225, .box_w = 14, .box_h = 12, .ofs_x = 0, .ofs_y = 0},
    {.bitmap_index = 2116, .adv_w = 147, .box_w = 9, .box_h = 12, .ofs_x = 0, .ofs_y = 0},
    {.bitmap_index = 2166, .adv_w = 136, .box_w = 10, .box_h = 12, .ofs_x = -1, .ofs_y = 0},
    {.bitmap_index = 2206, .adv_w = 154, .box_w = 9, .box_h = 12, .ofs_x = 0, .ofs_y = 0},
    {.bitmap_index = 2247, .adv_w = 87, .box_w = 4, .box_h = 16, .ofs_x = 1, .ofs_y = -3},
    {.bitmap_index = 2256, .adv_w = 100, .box_w = 7, .box_h = 16, .ofs_x = 0, .ofs_y = -3},
    {.bitmap_index = 2298, .adv_w = 87, .box_w = 4, .box_h = 16, .ofs_x = 0, .ofs_y = -3},
    {.bitmap_index = 2308, .adv_w = 142, .box_w = 7, .box_h = 7, .ofs_x = 1, .ofs_y = 5},
    {.bitmap_index = 2332, .adv_w = 143, .box_w = 9, .box_h = 1, .ofs_x = 0, .ofs_y = -2},
    {.bitmap_index = 2335, .adv_w = 155, .box_w = 4, .box_h = 4, .ofs_x = 2, .ofs_y = 10},
    {.bitmap_index = 2344, .adv_w = 144, .box_w = 8, .box_h = 9, .ofs_x = 0, .ofs_y = 0},
    {.bitmap_index = 2380, .adv_w = 158, .box_w = 9, .box_h = 13, .ofs_x = 1, .ofs_y = 0},
    {.bitmap_index = 2422, .adv_w = 131, .box_w = 8, .box_h = 9, .ofs_x = 0, .ofs_y = 0},
    {.bitmap_index = 2455, .adv_w = 159, .box_w = 9, .box_h = 13, .ofs_x = 0, .ofs_y = 0},
    {.bitmap_index = 2498, .adv_w = 142, .box_w = 9, .box_h = 9, .ofs_x = 0, .ofs_y = 0},
    {.bitmap_index = 2536, .adv_w = 83, .box_w = 6, .box_h = 14, .ofs_x = 0, .ofs_y = 0},
    {.bitmap_index = 2562, .adv_w = 144, .box_w = 9, .box_h = 13, .ofs_x = 0, .ofs_y = -4},
    {.bitmap_index = 2618, .adv_w = 155, .box_w = 8, .box_h = 13, .ofs_x = 1, .ofs_y = 0},
    {.bitmap_index = 2646, .adv_w = 70, .box_w = 3, .box_h = 13, .ofs_x = 1, .ofs_y = 0},
    {.bitmap_index = 2656, .adv_w = 70, .box_w = 5, .box_h = 17, .ofs_x = -1, .ofs_y = -4},
    {.bitmap_index = 2676, .adv_w = 141, .box_w = 8, .box_h = 14, .ofs_x = 1, .ofs_y = 0},
    {.bitmap_index = 2711, .adv_w = 73, .box_w = 3, .box_h = 13, .ofs_x = 1, .ofs_y = 0},
    {.bitmap_index = 2720, .adv_w = 237, .box_w = 13, .box_h = 9, .ofs_x = 1, .ofs_y = 0},
    {.bitmap_index = 2750, .adv_w = 156, .box_w = 8, .box_h = 9, .ofs_x = 1, .ofs_y = 0},
    {.bitmap_index = 2772, .adv_w = 155, .box_w = 9, .box_h = 9, .ofs_x = 0, .ofs_y = 0},
    {.bitmap_index = 2811, .adv_w = 159, .box_w = 9, .box_h = 13, .ofs_x = 1, .ofs_y = -4},
    {.bitmap_index = 2853, .adv_w = 159, .box_w = 9, .box_h = 13, .ofs_x = 0, .ofs_y = -4},
    {.bitmap_index = 2895, .adv_w = 99, .box_w = 6, .box_h = 9, .ofs_x = 1, .ofs_y = 0},
    {.bitmap_index = 2911, .adv_w = 120, .box_w = 7, .box_h = 9, .ofs_x = 0, .ofs_y = 0},
    {.bitmap_index = 2942, .adv_w = 97, .box_w = 6, .box_h = 12, .ofs_x = 0, .ofs_y = 0},
    {.bitmap_index = 2971, .adv_w = 155, .box_w = 8, .box_h = 9, .ofs_x = 1, .ofs_y = 0},
    {.bitmap_index = 2993, .adv_w = 133, .box_w = 9, .box_h = 9, .ofs_x = 0, .ofs_y = 0},
    {.bitmap_index = 3031, .adv_w = 205, .box_w = 13, .box_h = 9, .ofs_x = 0, .ofs_y = 0},
    {.bitmap_index = 3090, .adv_w = 127, .box_w = 8, .box_h = 9, .ofs_x = 0, .ofs_y = 0},
    {.bitmap_index = 3126, .adv_w = 133, .box_w = 9, .box_h = 13, .ofs_x = 0, .ofs_y = -4},
    {.bitmap_index = 3177, .adv_w = 122, .box_w = 8, .box_h = 9, .ofs_x = 0, .ofs_y = 0},
    {.bitmap_index = 3208, .adv_w = 87, .box_w = 5, .box_h = 16, .ofs_x = 0, .ofs_y = -3},
    {.bitmap_index = 3241, .adv_w = 69, .box_w = 2, .box_h = 18, .ofs_x = 1, .ofs_y = -5},
    {.bitmap_index = 3246, .adv_w = 87, .box_w = 5, .box_h = 16, .ofs_x = 0, .ofs_y = -3},
    {.bitmap_index = 3280, .adv_w = 142, .box_w = 9, .box_h = 4, .ofs_x = 0, .ofs_y = 4},
    {.bitmap_index = 3296, .adv_w = 256, .box_w = 16, .box_h = 15, .ofs_x = 0, .ofs_y = -1},
    {.bitmap_index = 3334, .adv_w = 256, .box_w = 16, .box_h = 15, .ofs_x = 0, .ofs_y = -2},
    {.bitmap_index = 3405, .adv_w = 256, .box_w = 14, .box_h = 16, .ofs_x = 1, .ofs_y = -2},
    {.bitmap_index = 3461, .adv_w = 256, .box_w = 16, .box_h = 12, .ofs_x = 0, .ofs_y = 0},
    {.bitmap_index = 3489, .adv_w = 256, .box_w = 16, .box_h = 15, .ofs_x = 0, .ofs_y = -2},
    {.bitmap_index = 3534, .adv_w = 256, .box_w = 16, .box_h = 16, .ofs_x = 0, .ofs_y = -2},
    {.bitmap_index = 3627, .adv_w = 256, .box_w = 16, .box_h = 17, .ofs_x = 0, .ofs_y = -3},
    {.bitmap_index = 3741, .adv_w = 256, .box_w = 16, .box_h = 16, .ofs_x = 0, .ofs_y = -2},
    {.bitmap_index = 3843, .adv_w = 256, .box_w = 16, .box_h = 15, .ofs_x = 0, .ofs_y = -2},
    {.bitmap_index = 3925, .adv_w = 256, .box_w = 14, .box_h = 17, .ofs_x = 1, .ofs_y = -3},
    {.bitmap_index = 4006, .adv_w = 256, .box_w = 16, .box_h = 16, .ofs_x = 0, .ofs_y = -3},
    {.bitmap_index = 4093, .adv_w = 256, .box_w = 14, .box_h = 16, .ofs_x = 1, .ofs_y = -2},
    {.bitmap_index = 4149, .adv_w = 256, .box_w = 16, .box_h = 17, .ofs_x = 0, .ofs_y = -3},
    {.bitmap_index = 4254, .adv_w = 256, .box_w = 15, .box_h = 17, .ofs_x = 0, .ofs_y = -3},
    {.bitmap_index = 4350, .adv_w = 256, .box_w = 15, .box_h = 16, .ofs_x = 0, .ofs_y = -2},
    {.bitmap_index = 4443, .adv_w = 256, .box_w = 16, .box_h = 17, .ofs_x = 0, .ofs_y = -3},
    {.bitmap_index = 4548, .adv_w = 256, .box_w = 15, .box_h = 15, .ofs_x = 0, .ofs_y = -2},
    {.bitmap_index = 4606, .adv_w = 256, .box_w = 14, .box_h = 16, .ofs_x = 1, .ofs_y = -3},
    {.bitmap_index = 4664, .adv_w = 256, .box_w = 16, .box_h = 16, .ofs_x = 0, .ofs_y = -2},
    {.bitmap_index = 4751, .adv_w = 256, .box_w = 16, .box_h = 16, .ofs_x = 0, .ofs_y = -2},
    {.bitmap_index = 4829, .adv_w = 256, .box_w = 16, .box_h = 16, .ofs_x = 0, .ofs_y = -2},
    {.bitmap_index = 4922, .adv_w = 256, .box_w = 16, .box_h = 17, .ofs_x = 0, .ofs_y = -3},
    {.bitmap_index = 5023, .adv_w = 256, .box_w = 16, .box_h = 16, .ofs_x = 0, .ofs_y = -2},
    {.bitmap_index = 5121, .adv_w = 256, .box_w = 16, .box_h = 16, .ofs_x = 0, .ofs_y = -2},
    {.bitmap_index = 5209, .adv_w = 256, .box_w = 15, .box_h = 15, .ofs_x = 1, .ofs_y = -2},
    {.bitmap_index = 5268, .adv_w = 256, .box_w = 16, .box_h = 16, .ofs_x = 0, .ofs_y = -2},
    {.bitmap_index = 5353, .adv_w = 256, .box_w = 15, .box_h = 16, .ofs_x = 1, .ofs_y = -2},
    {.bitmap_index = 5437, .adv_w = 256, .box_w = 15, .box_h = 16, .ofs_x = 1, .ofs_y = -2},
    {.bitmap_index = 5530, .adv_w = 256, .box_w = 16, .box_h = 16, .ofs_x = 0, .ofs_y = -2},
    {.bitmap_index = 5642, .adv_w = 256, .box_w = 16, .box_h = 17, .ofs_x = 0, .ofs_y = -3},
    {.bitmap_index = 5761, .adv_w = 256, .box_w = 16, .box_h = 16, .ofs_x = 0, .ofs_y = -2},
    {.bitmap_index = 5879, .adv_w = 256, .box_w = 16, .box_h = 16, .ofs_x = 0, .ofs_y = -2},
    {.bitmap_index = 5986, .adv_w = 256, .box_w = 15, .box_h = 16, .ofs_x = 0, .ofs_y = -2},
    {.bitmap_index = 6057, .adv_w = 256, .box_w = 16, .box_h = 17, .ofs_x = 0, .ofs_y = -3},
    {.bitmap_index = 6175, .adv_w = 256, .box_w = 16, .box_h = 16, .ofs_x = 0, .ofs_y = -2},
    {.bitmap_index = 6281, .adv_w = 256, .box_w = 16, .box_h = 15, .ofs_x = 0, .ofs_y = -2},
    {.bitmap_index = 6367, .adv_w = 256, .box_w = 12, .box_h = 15, .ofs_x = 2, .ofs_y = -2},
    {.bitmap_index = 6402, .adv_w = 256, .box_w = 15, .box_h = 16, .ofs_x = 1, .ofs_y = -2},
    {.bitmap_index = 6486, .adv_w = 256, .box_w = 15, .box_h = 16, .ofs_x = 0, .ofs_y = -2},
    {.bitmap_index = 6572, .adv_w = 256, .box_w = 16, .box_h = 16, .ofs_x = 0, .ofs_y = -3},
    {.bitmap_index = 6664, .adv_w = 256, .box_w = 16, .box_h = 16, .ofs_x = 0, .ofs_y = -2},
    {.bitmap_index = 6750, .adv_w = 256, .box_w = 16, .box_h = 16, .ofs_x = 0, .ofs_y = -2},
    {.bitmap_index = 6837, .adv_w = 256, .box_w = 16, .box_h = 16, .ofs_x = 0, .ofs_y = -2},
    {.bitmap_index = 6951, .adv_w = 256, .box_w = 16, .box_h = 16, .ofs_x = 0, .ofs_y = -2},
    {.bitmap_index = 7057, .adv_w = 256, .box_w = 16, .box_h = 16, .ofs_x = 0, .ofs_y = -2},
    {.bitmap_index = 7131, .adv_w = 256, .box_w = 15, .box_h = 16, .ofs_x = 0, .ofs_y = -2},
    {.bitmap_index = 7222, .adv_w = 256, .box_w = 16, .box_h = 16, .ofs_x = 0, .ofs_y = -2},
    {.bitmap_index = 7324, .adv_w = 256, .box_w = 16, .box_h = 16, .ofs_x = 0, .ofs_y = -2},
    {.bitmap_index = 7435, .adv_w = 256, .box_w = 15, .box_h = 16, .ofs_x = 0, .ofs_y = -3},
    {.bitmap_index = 7518, .adv_w = 256, .box_w = 14, .box_h = 15, .ofs_x = 1, .ofs_y = -2},
    {.bitmap_index = 7580, .adv_w = 256, .box_w = 16, .box_h = 16, .ofs_x = 0, .ofs_y = -2},
    {.bitmap_index = 7673, .adv_w = 256, .box_w = 14, .box_h = 17, .ofs_x = 1, .ofs_y = -3},
    {.bitmap_index = 7771, .adv_w = 256, .box_w = 16, .box_h = 17, .ofs_x = 0, .ofs_y = -3},
    {.bitmap_index = 7882, .adv_w = 256, .box_w = 15, .box_h = 17, .ofs_x = 0, .ofs_y = -3},
    {.bitmap_index = 7993, .adv_w = 256, .box_w = 16, .box_h = 15, .ofs_x = 0, .ofs_y = -2},
    {.bitmap_index = 8072, .adv_w = 256, .box_w = 14, .box_h = 16, .ofs_x = 1, .ofs_y = -2},
    {.bitmap_index = 8160, .adv_w = 256, .box_w = 16, .box_h = 16, .ofs_x = 0, .ofs_y = -2},
    {.bitmap_index = 8264, .adv_w = 256, .box_w = 16, .box_h = 16, .ofs_x = 0, .ofs_y = -2},
    {.bitmap_index = 8376, .adv_w = 256, .box_w = 16, .box_h = 16, .ofs_x = 0, .ofs_y = -2},
    {.bitmap_index = 8498, .adv_w = 256, .box_w = 16, .box_h = 16, .ofs_x = 0, .ofs_y = -2},
    {.bitmap_index = 8607, .adv_w = 256, .box_w = 16, .box_h = 17, .ofs_x = 0, .ofs_y = -2},
    {.bitmap_index = 8726, .adv_w = 256, .box_w = 16, .box_h = 16, .ofs_x = 0, .ofs_y = -2},
    {.bitmap_index = 8848, .adv_w = 256, .box_w = 16, .box_h = 16, .ofs_x = 0, .ofs_y = -2},
    {.bitmap_index = 8970, .adv_w = 256, .box_w = 15, .box_h = 16, .ofs_x = 0, .ofs_y = -2},
    {.bitmap_index = 9073, .adv_w = 256, .box_w = 14, .box_h = 16, .ofs_x = 1, .ofs_y = -3},
    {.bitmap_index = 9166, .adv_w = 256, .box_w = 16, .box_h = 14, .ofs_x = 0, .ofs_y = -1},
    {.bitmap_index = 9248, .adv_w = 256, .box_w = 16, .box_h = 16, .ofs_x = 0, .ofs_y = -2},
    {.bitmap_index = 9351, .adv_w = 256, .box_w = 16, .box_h = 16, .ofs_x = 0, .ofs_y = -2},
    {.bitmap_index = 9458, .adv_w = 256, .box_w = 16, .box_h = 16, .ofs_x = 0, .ofs_y = -2},
    {.bitmap_index = 9553, .adv_w = 256, .box_w = 16, .box_h = 16, .ofs_x = 0, .ofs_y = -2},
    {.bitmap_index = 9656, .adv_w = 256, .box_w = 16, .box_h = 16, .ofs_x = 0, .ofs_y = -2},
    {.bitmap_index = 9760, .adv_w = 256, .box_w = 16, .box_h = 17, .ofs_x = 0, .ofs_y = -3},
    {.bitmap_index = 9865, .adv_w = 256, .box_w = 16, .box_h = 16, .ofs_x = 0, .ofs_y = -2},
    {.bitmap_index = 9969, .adv_w = 256, .box_w = 16, .box_h = 15, .ofs_x = 0, .ofs_y = -2},
    {.bitmap_index = 10049, .adv_w = 256, .box_w = 16, .box_h = 17, .ofs_x = 0, .ofs_y = -3},
    {.bitmap_index = 10144, .adv_w = 256, .box_w = 16, .box_h = 16, .ofs_x = 0, .ofs_y = -2},
    {.bitmap_index = 10253, .adv_w = 256, .box_w = 16, .box_h = 16, .ofs_x = 0, .ofs_y = -2},
    {.bitmap_index = 10361, .adv_w = 256, .box_w = 16, .box_h = 15, .ofs_x = 0, .ofs_y = -1},
    {.bitmap_index = 10450, .adv_w = 256, .box_w = 15, .box_h = 15, .ofs_x = 0, .ofs_y = -2},
    {.bitmap_index = 10522, .adv_w = 256, .box_w = 16, .box_h = 16, .ofs_x = 0, .ofs_y = -2},
    {.bitmap_index = 10618, .adv_w = 256, .box_w = 5, .box_h = 16, .ofs_x = 11, .ofs_y = -2},
    {.bitmap_index = 10657, .adv_w = 256, .box_w = 5, .box_h = 16, .ofs_x = 0, .ofs_y = -2}
};

/*---------------------
 *  CHARACTER MAPPING
 *--------------------*/

static const uint16_t unicode_list_1[] = {
    0x0, 0x3, 0x23, 0x82, 0x84, 0xc0, 0xf3, 0x175,
    0x35b, 0x37b, 0x383, 0x3f0, 0x3fc, 0x411, 0x426, 0x495,
    0x578, 0x602, 0x604, 0x91e, 0xafd, 0xb03, 0xb27, 0xd4e,
    0xfe8, 0xff9, 0xffe, 0x114b, 0x1258, 0x1406, 0x1407, 0x140c,
    0x1461, 0x14ff, 0x17a6, 0x17d6, 0x17db, 0x17ec, 0x1870, 0x18ea,
    0x1920, 0x1922, 0x1a17, 0x1d17, 0x1d5a, 0x1d5b, 0x1dc5, 0x243e,
    0x271e, 0x2731, 0x2871, 0x287a, 0x29f7, 0x2a64, 0x2b30, 0x2bb1,
    0x2be5, 0x2d74, 0x30b5, 0x30cf, 0x30d2, 0x30ea, 0x3109, 0x310c,
    0x3147, 0x3164, 0x31f7, 0x324a, 0x3d9a, 0x3db4, 0x3dcb, 0x3ded,
    0x3f1b, 0x3fa9, 0x40a1, 0x41d1, 0x41d4, 0x43c3, 0x4a6b, 0x4b7c,
    0xb0fe, 0xb0ff
};

/*Collect the unicode lists and glyph_id offsets*/
static const lv_font_fmt_txt_cmap_t cmaps[] =
{
    {
        .range_start = 32, .range_length = 95, .glyph_id_start = 1,
        .unicode_list = NULL, .glyph_id_ofs_list = NULL, .list_length = 0, .type = LV_FONT_FMT_TXT_CMAP_FORMAT0_TINY
    },
    {
        .range_start = 19978, .range_length = 45312, .glyph_id_start = 96,
        .unicode_list = unicode_list_1, .glyph_id_ofs_list = NULL, .list_length = 82, .type = LV_FONT_FMT_TXT_CMAP_SPARSE_TINY
    }
};

/*-----------------
 *    KERNING
 *----------------*/


/*Map glyph_ids to kern left classes*/
static const uint8_t kern_left_class_mapping[] =
{
    0, 0, 0, 1, 0, 0, 0, 0,
    1, 2, 0, 0, 0, 3, 4, 3,
    5, 0, 0, 0, 0, 0, 0, 0,
    0, 0, 0, 6, 6, 0, 0, 0,
    0, 0, 7, 8, 9, 10, 11, 12,
    13, 0, 0, 14, 15, 16, 0, 0,
    10, 17, 10, 18, 19, 20, 21, 22,
    23, 24, 25, 26, 2, 27, 0, 0,
    0, 0, 28, 29, 30, 0, 31, 32,
    33, 34, 0, 0, 35, 36, 34, 34,
    29, 29, 37, 38, 39, 40, 37, 41,
    42, 43, 44, 45, 2, 0, 0, 0,
    0, 0, 0, 0, 0, 0, 0, 0,
    0, 0, 0, 0, 0, 0, 0, 0,
    0, 0, 0, 0, 0, 0, 0, 0,
    0, 0, 0, 0, 0, 0, 0, 0,
    0, 0, 0, 0, 0, 0, 0, 0,
    0, 0, 0, 0, 0, 0, 0, 0,
    0, 0, 0, 0, 0, 0, 0, 0,
    0, 0, 0, 0, 0, 0, 0, 0,
    0, 0, 0, 0, 0, 0, 0, 0,
    0, 0, 0, 0, 0, 0, 0, 0,
    0, 0
};

/*Map glyph_ids to kern right classes*/
static const uint8_t kern_right_class_mapping[] =
{
    0, 0, 1, 2, 0, 0, 0, 0,
    2, 0, 3, 4, 0, 5, 6, 7,
    8, 0, 0, 0, 0, 0, 0, 0,
    0, 0, 0, 9, 10, 0, 0, 0,
    11, 0, 12, 0, 13, 0, 0, 0,
    13, 0, 0, 14, 0, 0, 0, 0,
    13, 0, 13, 0, 15, 16, 17, 18,
    19, 20, 21, 22, 0, 23, 3, 0,
    0, 0, 24, 0, 25, 25, 25, 26,
    27, 0, 28, 29, 0, 0, 30, 30,
    25, 30, 25, 30, 31, 32, 33, 34,
    35, 36, 37, 38, 0, 0, 3, 0,
    0, 0, 0, 0, 0, 0, 0, 0,
    0, 0, 0, 0, 0, 0, 0, 0,
    0, 0, 0, 0, 0, 0, 0, 0,
    0, 0, 0, 0, 0, 0, 0, 0,
    0, 0, 0, 0, 0, 0, 0, 0,
    0, 0, 0, 0, 0, 0, 0, 0,
    0, 0, 0, 0, 0, 0, 0, 0,
    0, 0, 0, 0, 0, 0, 0, 0,
    0, 0, 0, 0, 0, 0, 0, 0,
    0, 0, 0, 0, 0, 0, 0, 0,
    0, 0
};

/*Kern values between classes*/
static const int8_t kern_class_values[] =
{
    0, 0, 0, 0, -33, 0, -33, 0,
    0, 0, 0, -16, 0, -27, -3, 0,
    0, 0, 0, -3, 0, 0, 0, 0,
    -8, 0, 0, 0, 0, 0, -6, 0,
    0, 0, 0, 0, 0, 0, 0, 0,
    0, 0, 0, 0, 0, 0, 0, 0,
    0, 0, 0, -6, 0, 0, 0, 0,
    0, 0, 0, 0, 0, 0, 0, 0,
    0, 0, 23, 0, 0, 0, 0, 0,
    0, 0, 0, 0, 0, -27, 0, -39,
    0, 0, 0, 0, 0, 0, 0, 0,
    0, 0, 0, -28, -6, -19, -10, 0,
    -26, 0, 0, 0, -3, 0, 0, 0,
    7, 0, 0, -13, 0, -10, -6, 0,
    -6, 0, 0, 0, 0, 0, 0, 0,
    0, 0, 0, 0, 0, 0, 0, -6,
    -5, -14, 0, -5, -3, -8, -19, -6,
    0, 0, 0, 0, 0, 0, 0, 0,
    0, -7, 0, -2, 0, -4, 0, 0,
    0, 0, 0, 0, 0, 0, 0, 0,
    0, 0, 0, -12, -3, -23, 0, 0,
    0, 0, 0, 0, 0, 0, 0, -7,
    -9, 0, -3, 7, 7, 0, 0, 3,
    -6, 0, 0, 0, 0, 0, 0, 0,
    0, -14, 0, 0, 0, 0, 0, 0,
    0, 0, 0, 0, 0, 0, 0, 0,
    0, 0, -7, 0, 0, 0, 0, 0,
    0, 0, 1, 0, 0, 0, 0, 0,
    0, 0, 0, 0, 0, -16, 0, -27,
    0, 0, 0, 0, 0, 0, -7, -2,
    -3, 0, 0, -16, -4, -4, 0, 1,
    -4, -2, -12, 7, 0, -3, 0, 0,
    0, 0, 7, -4, -2, -2, -1, -1,
    -2, 0, 0, 0, 0, -9, 0, 0,
    0, 0, 0, 0, 0, 0, 0, -5,
    -4, -7, 0, -2, -1, -1, -4, -1,
    0, 0, 0, 0, 0, 0, 0, 0,
    0, -3, 0, -4, -3, -3, -4, 0,
    0, 0, 0, 0, 0, -7, 0, 0,
    0, 0, 0, 0, -8, -3, -7, -5,
    -4, -1, -1, -1, -2, -3, 0, 0,
    0, 0, -6, 0, 0, 0, 0, -8,
    -3, -4, -3, 0, -4, 0, 0, 0,
    0, -10, 0, 0, 0, -5, 0, 0,
    0, -3, 0, -11, 0, -7, 0, -3,
    -2, -5, -6, -6, 0, 0, 0, 0,
    0, 0, 0, 0, 0, 0, 0, 0,
    0, -4, 0, -2, 0, 0, 0, 0,
    0, 0, 0, 0, 0, 0, 0, 0,
    0, 0, 0, 0, 0, 0, 0, 0,
    0, 0, 0, 0, -3, 0, 0, 0,
    0, 0, 0, -7, 0, -3, 0, -9,
    -3, 0, 0, 0, 0, 0, -21, 0,
    -21, -20, 0, 0, 0, -11, -3, -40,
    -6, 0, 0, 1, 1, -7, 0, -9,
    0, -10, -4, 0, -7, 0, 0, -6,
    -6, -3, -5, -6, -5, -7, -5, -8,
    0, 0, 0, -8, 0, 0, 0, 0,
    0, 0, 0, -1, 0, 0, 0, -6,
    0, -4, -1, 0, 0, 0, 0, 0,
    0, 0, 0, 0, 0, 0, 0, 0,
    0, 0, 0, 0, 0, 0, 0, 0,
    0, 0, -7, 0, -7, 0, 0, 0,
    0, 0, 0, -12, 0, 0, 0, 0,
    0, 0, 0, 0, 0, 0, 0, 0,
    0, 0, 0, 0, 0, 0, 0, 0,
    0, 0, 0, 0, 0, -6, 0, -12,
    0, -8, 0, 0, 0, 0, -2, -3,
    -6, 0, -3, -5, -4, -4, -3, 0,
    -5, 0, 0, 0, -2, 0, 0, 0,
    -3, 0, 0, -9, -4, -6, -5, -5,
    -6, -4, 0, -25, 0, -44, 0, -15,
    0, 0, 0, 0, -9, 1, -7, 0,
    -6, -34, -8, -22, -16, 0, -22, 0,
    -23, 0, -3, -4, -1, 0, 0, 0,
    0, -6, -3, -10, -10, 0, -10, 0,
    0, 0, 0, 0, -32, -9, -32, -22,
    0, 0, 0, -14, 0, -42, -3, -7,
    0, 0, 0, -7, -3, -22, 0, -12,
    -7, 0, -9, 0, 0, 0, -3, 0,
    0, 0, 0, -4, 0, -6, 0, 0,
    0, -3, 0, -9, 0, 0, 0, 0,
    0, -1, 0, -5, -4, -4, 0, 2,
    2, -1, 0, -3, 0, -1, -3, 0,
    -1, 0, 0, 0, 0, 0, 0, 0,
    0, -2, 0, -2, 0, 0, 0, -5,
    0, 4, 0, 0, 0, 0, 0, 0,
    0, -4, -4, -6, 0, 0, 0, 0,
    -4, 0, 0, 0, 0, 0, 0, 0,
    0, 0, 0, -7, 0, 0, 0, 0,
    0, 0, 0, 0, 0, 0, -30, -21,
    -30, -26, -6, -6, 0, -12, -7, -36,
    -11, 0, 0, 0, 0, -6, -4, -15,
    0, -21, -19, -5, -21, 0, 0, -13,
    -17, -5, -13, -9, -10, -11, -9, -22,
    0, 0, 0, 0, -5, 0, -5, -9,
    0, 0, 0, -5, 0, -14, -3, 0,
    0, -1, 0, -3, -4, 0, 0, -1,
    0, 0, -3, 0, 0, 0, -1, 0,
    0, 0, 0, -2, 0, 0, 0, 0,
    0, 0, -19, -5, -19, -13, 0, 0,
    0, -4, -3, -21, -3, 0, -3, 3,
    0, 0, 0, -5, 0, -6, -4, 0,
    -6, 0, 0, -6, -4, 0, -9, -3,
    -3, -4, -3, -7, 0, 0, 0, 0,
    -10, -3, -10, -8, 0, 0, 0, 0,
    -2, -19, -2, 0, 0, 0, 0, 0,
    0, -2, 0, -5, 0, 0, -4, 0,
    0, 0, 0, 0, 0, 0, 0, 0,
    0, -3, 0, -3, 0, -3, 0, -8,
    0, 0, 0, 0, 0, 1, -5, 0,
    -4, -6, -3, 0, 0, 0, 0, 0,
    0, -3, -2, -5, 0, 0, 0, 0,
    0, -5, -3, -5, -4, -3, -5, -4,
    0, 0, 0, 0, -26, -19, -26, -19,
    -7, -7, -2, -4, -4, -29, -5, -4,
    -3, 0, 0, 0, 0, -7, 0, -19,
    -12, 0, -17, 0, 0, -12, -12, -8,
    -10, -4, -7, -10, -4, -14, 0, 0,
    0, 0, 0, -10, 0, 0, 0, 0,
    0, -2, -6, -9, -9, 0, -3, -2,
    -2, 0, -4, -5, 0, -5, -6, -6,
    -4, 0, 0, 0, 0, -4, -7, -5,
    -5, -7, -5, 0, 0, 0, 0, 0,
    0, 0, 0, 0, 0, 0, 0, 0,
    0, 0, 0, -25, -8, -15, -8, 0,
    -21, 0, 0, 0, 0, 0, 9, 0,
    21, 0, 0, 0, 0, -6, -3, 0,
    4, 0, 0, 0, 0, -15, 0, 0,
    0, 0, 0, 0, -4, 0, 0, 0,
    0, -7, 0, -5, -1, 0, -7, 0,
    0, 0, 0, 0, 0, 0, 0, 0,
    0, -4, 0, 0, 0, 0, 0, 0,
    0, -8, 0, -7, -3, 2, -3, 0,
    0, 0, -4, 0, 0, 0, 0, -16,
    0, -5, 0, -1, -13, 0, -7, -4,
    0, 0, 0, 0, 0, 0, 0, -5,
    0, -1, -1, -5, -1, -2, 0, 0,
    0, 0, 0, -6, 0, 0, 0, 0,
    0, 0, 0, 0, 0, -6, 0, -4,
    0, 0, -7, 0, 0, -3, -6, 0,
    -3, 0, 0, 0, 0, -3, 0, 2,
    2, 2, 2, 0, 0, 0, 0, -10,
    0, 3, 0, 0, 0, 0, -2, 0,
    0, -6, -6, -7, 0, -5, -3, 0,
    -7, 0, -6, -4, 0, 0, -3, 0,
    0, 0, 0, -3, 0, 1, 1, -2,
    1, 0, 4, 12, 14, 0, -14, -4,
    -14, -4, 0, 0, 7, 0, 0, 0,
    0, 13, 0, 19, 13, 9, 17, 0,
    18, -6, -3, 0, -4, 0, -3, 0,
    -1, 0, 0, 4, 0, -1, 0, -4,
    0, 0, 4, -9, 0, 0, 0, 14,
    0, 0, -10, 0, 0, 0, 0, -7,
    0, 0, 0, 0, -4, 0, 0, -5,
    -4, 0, 0, 0, 10, 0, 0, 0,
    0, -1, -1, 0, 4, -4, 0, 0,
    0, -10, 0, 0, 0, 0, 0, 0,
    -2, 0, 0, 0, 0, -7, 0, -3,
    0, 0, -5, 0, 0, 0, 0, 0,
    0, 0, 0, 0, 0, 0, 0, 0,
    0, 0, 0, 0, 0, 0, 0, -6,
    4, -13, 4, 0, 4, 4, -4, 0,
    0, 0, 0, -10, 0, 0, 0, 0,
    -3, 0, 0, -3, -5, 0, -3, 0,
    -3, 0, 0, -6, -4, 0, 0, -2,
    0, -2, 0, 0, 0, 0, 0, 0,
    0, 0, 0, 0, 0, 0, 0, 0,
    0, 0, 0, 0, 0, 0, 0, 0,
    0, 0, 0, 0, 0, 0, 2, 0,
    0, 0, 0, 0, 0, 0, 0, 0,
    0, 0, 0, -7, 0, 0, 0, 0,
    0, 0, 0, 0, 0, 0, 0, -6,
    0, -4, 0, 0, -9, 0, 0, 0,
    0, 0, 0, 0, 0, 0, 0, 0,
    0, 0, 0, 0, 0, 0, 0, 0,
    0, 0, -16, -7, -16, -10, 7, 7,
    0, -4, 0, -16, 0, 0, 0, 0,
    0, 0, 0, -3, 4, -7, -3, 0,
    -3, 0, 0, 0, -1, 0, 0, 7,
    5, 0, 7, -1, 0, 0, 0, -14,
    0, 3, 0, 0, 0, 0, -3, 0,
    0, 0, 0, -7, 0, -3, 0, 0,
    -6, 0, 0, 0, 0, 0, 0, 0,
    0, 0, 0, -6, 0, 0, 0, 0,
    0, 0, 0, 0, 0, 0, 2, -7,
    2, 3, 4, 4, -7, 0, 0, 0,
    0, -4, 0, 0, 0, 0, -1, 0,
    0, -6, -4, 0, -3, 0, 0, 0,
    -3, -6, 0, 0, 0, -5, 0, 0,
    0, 0, 0, -3, -10, -2, -10, -6,
    0, 0, 0, -3, 0, -12, 0, -6,
    0, -3, 0, 0, -4, -3, 0, -6,
    -1, 0, 0, 0, -3, 0, 0, 0,
    0, 0, 0, 0, 0, -7, 0, 0,
    0, -3, -12, 0, -12, -2, 0, 0,
    0, -1, 0, -9, 0, -7, 0, -3,
    0, -4, -7, 0, 0, -3, -1, 0,
    0, 0, -3, 0, 0, 0, 0, 0,
    0, 0, 0, -5, -4, 0, 0, -6,
    2, -4, -2, 0, 0, 2, 0, 0,
    -3, 0, -1, -9, 0, -4, 0, -3,
    -10, 0, 0, -3, -5, 0, 0, 0,
    0, 0, 0, -7, 0, 0, 0, 0,
    0, 0, 0, 0, 0, 0, -10, 0,
    -10, -4, 0, 0, 0, 0, 0, -12,
    0, -6, 0, -1, 0, -1, -2, 0,
    0, -6, -1, 0, 0, 0, -3, 0,
    0, 0, 0, 0, 0, -4, 0, -7,
    0, 0, 0, 0, 0, -5, 0, 0,
    0, 0, 0, 0, 0, 0, 0, -7,
    0, 0, 0, 0, -8, 0, 0, -7,
    -3, 0, -2, 0, 0, 0, 0, 0,
    -3, -1, 0, 0, -1, 0
};


/*Collect the kern class' data in one place*/
static const lv_font_fmt_txt_kern_classes_t kern_classes =
{
    .class_pair_values   = kern_class_values,
    .left_class_mapping  = kern_left_class_mapping,
    .right_class_mapping = kern_right_class_mapping,
    .left_class_cnt      = 45,
    .right_class_cnt     = 38,
};

/*--------------------
 *  ALL CUSTOM DATA
 *--------------------*/

#if LVGL_VERSION_MAJOR == 8
/*Store all the custom data of the font*/
static  lv_font_fmt_txt_glyph_cache_t cache;
#endif

#if LVGL_VERSION_MAJOR >= 8
static const lv_font_fmt_txt_dsc_t font_dsc = {
#else
static lv_font_fmt_txt_dsc_t font_dsc = {
#endif
    .glyph_bitmap = glyph_bitmap,
    .glyph_dsc = glyph_dsc,
    .cmaps = cmaps,
    .kern_dsc = &kern_classes,
    .kern_scale = 16,
    .cmap_num = 2,
    .bpp = 4,
    .kern_classes = 1,
    .bitmap_format = 1,
#if LVGL_VERSION_MAJOR == 8
    .cache = &cache
#endif
};



/*-----------------
 *  PUBLIC FONT
 *----------------*/

/*Initialize a public general font descriptor*/
#if LVGL_VERSION_MAJOR >= 8
const lv_font_t font_sm_cjk_16 = {
#else
lv_font_t font_sm_cjk_16 = {
#endif
    .get_glyph_dsc = lv_font_get_glyph_dsc_fmt_txt,    /*Function pointer to get glyph's data*/
    .get_glyph_bitmap = lv_font_get_bitmap_fmt_txt,    /*Function pointer to get glyph's bitmap*/
    .line_height = 20,          /*The maximum line height required by the font*/
    .base_line = 5,             /*Baseline measured from the bottom of the line*/
#if !(LVGL_VERSION_MAJOR == 6 && LVGL_VERSION_MINOR == 0)
    .subpx = LV_FONT_SUBPX_NONE,
#endif
#if LV_VERSION_CHECK(7, 4, 0) || LVGL_VERSION_MAJOR >= 8
    .underline_position = -2,
    .underline_thickness = 1,
#endif
    .dsc = &font_dsc,          /*The custom font data. Will be accessed by `get_glyph_bitmap/dsc` */
#if LV_VERSION_CHECK(8, 2, 0) || LVGL_VERSION_MAJOR >= 9
    .fallback = NULL,
#endif
    .user_data = NULL,
};



#endif /*#if FONT_SM_CJK_16*/

